Start date, 2017-07-16
End date, 2017-09-23
Total requests, 12666
Total unique devices, 560
Total sessions, 2711
Average response time, 0.67ms

Language, DeviceCount, Percentage
spa, 5, 0.9%
chs, 97, 17.3%
eng, 386, 68.9%
cht, 72, 12.9%

Date, Unique devices, Sessions, Requests
2017-07-16, 9, 75, 223
2017-07-17, 8, 24, 89
2017-07-18, 3, 15, 23
2017-07-19, 6, 13, 33
2017-07-20, 6, 8, 44
2017-07-21, 13, 49, 193
2017-07-22, 8, 44, 157
2017-07-23, 8, 12, 44
2017-07-24, 2, 2, 4
2017-07-25, 9, 35, 211
2017-07-26, 9, 51, 176
2017-07-27, 8, 13, 70
2017-07-28, 6, 7, 32
2017-07-29, 10, 16, 78
2017-07-30, 7, 7, 25
2017-07-31, 4, 4, 15
2017-08-01, 5, 69, 194
2017-08-02, 8, 11, 58
2017-08-03, 2, 3, 25
2017-08-04, 6, 8, 32
2017-08-05, 4, 5, 32
2017-08-06, 5, 5, 21
2017-08-07, 5, 5, 22
2017-08-08, 8, 9, 41
2017-08-09, 5, 7, 32
2017-08-10, 3, 4, 34
2017-08-11, 4, 5, 22
2017-08-12, 5, 7, 34
2017-08-13, 5, 6, 39
2017-08-14, 4, 37, 107
2017-08-15, 4, 6, 26
2017-08-16, 9, 60, 166
2017-08-17, 2, 10, 36
2017-08-18, 4, 5, 30
2017-08-19, 17, 23, 143
2017-08-20, 14, 17, 73
2017-08-21, 17, 35, 134
2017-08-22, 11, 12, 71
2017-08-23, 9, 11, 59
2017-08-24, 15, 20, 95
2017-08-25, 7, 7, 35
2017-08-26, 10, 34, 112
2017-08-27, 9, 66, 178
2017-08-28, 15, 17, 75
2017-08-29, 18, 44, 135
2017-08-30, 18, 23, 97
2017-08-31, 33, 54, 182
2017-09-01, 18, 22, 82
2017-09-02, 8, 11, 49
2017-09-03, 17, 19, 79
2017-09-04, 14, 16, 69
2017-09-05, 7, 11, 57
2017-09-06, 18, 21, 88
2017-09-07, 12, 12, 44
2017-09-08, 9, 9, 44
2017-09-09, 30, 33, 170
2017-09-10, 19, 20, 94
2017-09-11, 148, 186, 926
2017-09-12, 102, 129, 603
2017-09-13, 81, 99, 505
2017-09-14, 63, 78, 396
2017-09-15, 83, 100, 548
2017-09-16, 79, 172, 628
2017-09-17, 79, 103, 571
2017-09-18, 147, 212, 1094
2017-09-19, 80, 124, 557
2017-09-20, 82, 93, 498
2017-09-21, 88, 105, 624
2017-09-22, 69, 90, 541
2017-09-23, 74, 125, 642

DeviceId, Language, LastSeen, DaysSinceLastVisit
3367D942-1055-464B-A00E-A5CF6D0B23EF, spa, 2017-09-23 21:29:25, 0
12c8cd6d-9040-4670-93fd-c977ab294805, chs, 2017-09-23 22:19:32, 0
8f2cb808-fa2b-4dad-8eea-01b302e9ee17, spa, 2017-07-17 20:17:26, 68
7d557ac8-4a4b-4c6e-b3b8-d3c11b5d592b, chs, 2017-07-21 01:43:04, 65
4D5A48B3-51E6-406E-AF77-300D592D97F3, eng, 2017-09-22 21:19:35, 1
bd2bac86-2d3c-4bd1-ace5-c59946d85597, spa, 2017-07-16 13:07:17, 69
1189E2E8-BCD3-4BF4-AF55-7CCC0A79541F, cht, 2017-09-23 08:06:56, 1
7AB80C6E-1B90-4A22-8227-7F710F518F81, chs, 2017-07-25 22:09:06, 60
bccfe4cc-68c3-4164-aaa7-ea5e3fa698af, eng, 2017-09-23 15:41:11, 0
76EEFA2B-0137-47F7-B1FF-43AC54A26DFF, cht, 2017-09-20 22:52:44, 3
A7FFC9C4-207B-43C3-B98A-5E579FB96DD4, eng, 2017-09-18 20:09:16, 5
197CEBBC-4FC6-43DF-B823-A4C013A18F6F, chs, 2017-08-31 22:18:48, 23
345ad168-18d3-4ee1-9631-55892d046f15, eng, 2017-07-19 18:22:58, 66
0DAFF474-9DB1-48E1-AAEC-8C19CD6AAE3D, cht, 2017-09-19 19:13:26, 4
6859661e-cbe1-4aaf-bab9-6d18384e9362, chs, 2017-07-20 20:13:58, 65
72333c43-9e79-4060-b0bd-09e032c5f856, chs, 2017-07-20 21:19:06, 65
be95d659-e0bb-4132-821f-ba12f5d3d269, chs, 2017-07-21 00:35:57, 65
ED02E557-C7CC-4BA0-8DC7-0ED8B3F759FC, chs, 2017-09-23 08:02:13, 1
C5E53B0B-9B6B-46EE-827E-D4CCA8D481EF, chs, 2017-09-20 07:04:34, 4
03ed52ec-6f95-46b8-b973-9e51d234118f, cht, 2017-09-23 18:29:09, 0
B128A251-6B12-4C66-98D0-DF7DAA61EA0D, eng, 2017-07-21 22:31:09, 64
A833B9FC-D9F0-4EBF-84F0-D50D003DBB86, chs, 2017-09-18 19:04:25, 5
1c26282e-3aa6-4871-bf4c-35a8af9255b5, eng, 2017-07-22 19:05:39, 63
E6DB27E6-E70D-4693-BD2B-B99C401EF038, spa, 2017-07-22 14:36:07, 63
9ab2b497-ffd9-45f7-8d4d-932b7085f786, eng, 2017-07-22 20:33:31, 63
571146b8-72c4-4efb-bbc3-c9661dbe5736, eng, 2017-07-23 18:48:30, 62
BD2A634C-18B0-489B-8C26-E5E43C6C51C2, cht, 2017-07-23 20:06:10, 62
C7951034-C4C1-4BB2-82C1-BC53F30C08D9, eng, 2017-09-14 14:56:19, 9
AEEC090C-324B-4687-BF52-545A3CC57E8C, eng, 2017-09-15 08:48:22, 9
C9B94762-2841-49EB-BC25-0FF3E6B110C4, cht, 2017-08-04 14:27:50, 50
bcc7ba55-f251-4060-b0df-33980a5cad47, cht, 2017-09-23 17:32:52, 0
B4843ADF-D51B-4CB0-BD78-770E26FD48CA, chs, 2017-09-18 23:32:14, 5
2C9F3E9D-0BC6-47D7-9897-58BAA4BE64DC, eng, 2017-09-19 15:05:24, 4
991f7ca9-3038-42fa-923f-13888afbb918, cht, 2017-09-13 20:27:26, 10
bcd77dd8-ad14-4467-af2f-e92bb87e9118, cht, 2017-08-27 20:49:46, 27
c9295f98-9e65-40f1-8fa0-33281dae2d09, cht, 2017-07-27 17:34:03, 58
9bf20850-07d2-4967-a28a-21c1e5a96d90, cht, 2017-09-22 14:29:42, 1
DB4467BE-F18B-4D4C-B029-B067B6369C8B, eng, 2017-08-20 12:12:35, 34
A6335687-8828-4F91-9196-EEBFEFE7298F, eng, 2017-07-28 22:22:39, 57
e42d0064-4ac3-4202-9b5f-ff3facc4d29e, cht, 2017-08-29 07:33:33, 26
C752B684-73B6-441E-893B-143B33521C61, cht, 2017-08-02 22:30:49, 52
EFE47F4A-1C6F-41E7-BF7E-BCC24680F01A, eng, 2017-09-14 07:34:08, 10
4F4852CB-6C58-4628-B915-EEAF3CC9B9CA, cht, 2017-08-06 17:11:06, 48
A67186A0-E788-41DC-A2B1-719A51AE5B1C, cht, 2017-09-21 14:22:24, 2
F9A8F54A-6C09-44F7-83D6-ECBA1E6DC7B2, chs, 2017-09-20 22:10:02, 3
17095CAF-25D7-4CEE-84BB-74FCA52FA346, chs, 2017-09-15 10:22:42, 8
DF375788-9653-4C5E-A1A2-27F12E4DBC04, eng, 2017-08-16 16:28:44, 38
B83F90B2-01AF-46E4-BAC5-1481B6BA117F, eng, 2017-08-04 17:36:30, 50
f716c595-b177-4761-a700-f912da4832b0, eng, 2017-08-04 18:41:32, 50
0D17E159-BDCE-4B2C-970A-D98DEBC633F2, eng, 2017-08-05 10:01:25, 50
06DBAF49-A9D3-4B59-ADC0-3032E07F0538, cht, 2017-08-05 14:33:02, 49
83CA76F2-CD82-4B88-972A-6AA97887F660, eng, 2017-08-26 15:14:55, 28
ddc276e1-1994-4c38-a325-8f262808459b, cht, 2017-09-21 19:35:58, 2
158D18C1-B480-4079-95D4-4CDABE9D3851, chs, 2017-08-10 16:24:16, 44
0CB1DD1E-C39A-40DF-85DC-A68F2B8A9FDB, chs, 2017-09-08 17:33:03, 15
CD204D9A-4720-46ED-85E3-982BAE3CEE3A, cht, 2017-09-04 13:12:09, 19
F12F7B0E-87B8-49CE-9878-C196CE207532, eng, 2017-08-08 10:29:39, 46
C69B43A1-6D09-45E2-BCD1-B0F886BF9CDC, eng, 2017-09-06 10:30:56, 17
CE18A010-3427-41F9-9E42-3ECE2C4091DD, eng, 2017-08-08 18:09:03, 46
9a0df8cd-a18e-4243-a682-74a547cbd215, chs, 2017-09-11 17:56:30, 12
5CAF37FC-1A3B-49E9-947A-E0F9D8BFCF2B, eng, 2017-08-09 21:42:46, 45
22655F1F-B72C-4142-B7FB-504A72F9E2BC, cht, 2017-09-17 09:53:02, 7
B248F199-50D6-4419-8609-BF93DD885C1E, cht, 2017-09-22 21:01:38, 1
83C7DCF2-75DE-4A78-81FA-504AB7845E28, eng, 2017-09-22 21:45:56, 1
05B890AA-7FAD-4DFC-8989-F8D526C2C205, chs, 2017-09-11 18:51:03, 12
ED7669AA-72AF-4F19-971C-98F39E8CD7A0, cht, 2017-09-18 00:00:20, 6
55df664b-27a3-4b64-9644-d298491d24f2, eng, 2017-09-01 15:42:03, 22
3F0FA259-C673-499F-AC3B-965E00852111, eng, 2017-09-15 16:51:54, 8
18929206-C266-4907-9E12-F7BE6D305E94, eng, 2017-08-21 08:00:14, 34
1E71F0A8-B70C-465E-980B-072FFB6BBA9C, eng, 2017-09-23 06:48:07, 1
A4A99F0D-6F19-48C2-8DF1-8BC3C659056B, eng, 2017-09-22 08:42:44, 2
B6466BD4-9A15-4608-B82A-5395A8A87E1A, eng, 2017-09-23 08:40:24, 1
74249919-151E-4AA0-ABC3-BF8F328977A5, eng, 2017-09-19 06:18:17, 5
72EE3AED-860F-4DF9-998E-03DD8B97D80D, eng, 2017-09-20 08:44:33, 4
7B6D8782-4FB8-4D1F-997F-DB9829C52898, eng, 2017-09-23 07:09:50, 1
90416C64-C595-4124-9AC8-D171DDC369AA, eng, 2017-08-20 06:31:07, 35
F1F6A0FB-9375-49A9-999C-FDA50CF9E8C1, eng, 2017-08-28 16:45:22, 26
CA0ADFD4-D7EC-4671-AFC2-B89C78BDD36C, eng, 2017-08-21 19:39:10, 33
0DD160A7-4488-4793-B773-4D4BA1EE12AE, eng, 2017-09-18 14:59:55, 5
1FBDCD8E-3293-4A5B-8E73-6EC0ACD9CA4E, eng, 2017-09-23 09:03:07, 1
B2683FA4-AFA1-421C-9F8D-CAA22B79B6D8, eng, 2017-08-20 11:54:34, 34
B30D1FB1-B2F4-4F60-80D8-CFBD46BC0CEB, cht, 2017-09-03 09:51:11, 21
D1ACD362-A914-4564-863E-728676EE60F0, eng, 2017-08-21 17:13:00, 33
23E95A91-920D-4845-89E9-BE99EC1028FD, eng, 2017-08-21 17:13:59, 33
f0a5af8b-2695-49e9-8bfb-9ad3d1841da7, eng, 2017-09-18 18:02:38, 5
524C61D9-39B7-4021-906B-BD5AB5554A23, chs, 2017-08-21 19:21:50, 33
A27D74CA-7E9F-42EE-8DEF-EA5C4DFB2450, eng, 2017-09-12 11:01:15, 11
E3F1FDFA-35C2-4F41-B560-DCC62A9BD69C, cht, 2017-08-21 20:23:11, 33
b97e21ae-2782-4f92-acce-f9a031c5ec5e, eng, 2017-08-25 09:30:09, 30
c437ef80-59e1-4b49-9aba-5d15478ff473, eng, 2017-08-21 21:13:24, 33
AA0E7002-B7F2-48B5-9DB8-85614C54F17C, cht, 2017-09-21 01:47:19, 3
060a11d5-0597-4ebf-b4af-0c7fee218191, eng, 2017-08-31 18:41:59, 23
A0BAEF23-A4BE-4F7D-A512-3CCFF00E56FF, eng, 2017-09-16 07:40:07, 8
ff489bc3-e21e-4717-a940-010e64d61330, eng, 2017-08-22 21:38:30, 32
861B6DC1-8998-4776-9AD5-2F333F2800E6, chs, 2017-08-22 21:52:22, 32
10b9a166-17cf-4c98-aa9f-02faa8f778c7, eng, 2017-09-03 12:07:14, 20
f3f6d56e-c681-488f-8e7f-35b8f14f2e81, eng, 2017-08-23 13:01:34, 31
1d7c7714-2707-4c08-b8a4-853a29e84347, eng, 2017-08-30 10:50:55, 24
7412E226-3859-4285-8495-C5471F16046F, eng, 2017-09-15 20:19:41, 8
130223e9-553a-4f3d-98d9-46b4edf4ff0f, eng, 2017-09-16 05:27:36, 8
728b8455-17df-4f70-8abe-ba7d4769e4ad, eng, 2017-09-23 07:38:49, 1
19e6d7fd-2cdc-4f50-b410-0d7718966178, eng, 2017-09-23 07:42:08, 1
0e2d081c-6be0-4cc4-a86a-96b99b726087, eng, 2017-09-23 07:47:24, 1
E12EC06D-9309-4A5F-9258-0CA75A207E79, eng, 2017-09-23 05:27:15, 1
E5F4A4B4-5FA2-47EB-A144-1450ABC50B01, eng, 2017-08-25 07:00:47, 30
5E3640AA-5772-41A8-9420-88C4F273D201, eng, 2017-08-25 14:42:36, 29
EFEDB607-ED31-4C00-9920-1941966F7E08, chs, 2017-09-23 17:38:55, 0
329673F8-AC04-4ABA-853D-4B4ABC000EB2, chs, 2017-08-26 13:49:48, 28
301462C3-7C25-4432-88F8-4BF9DC6D956F, eng, 2017-09-18 18:33:21, 5
30FE4014-A54A-4D9A-A484-5710127CB77E, eng, 2017-08-28 13:25:04, 26
0BDB4C67-9ED0-4DCD-A449-A45471951763, eng, 2017-09-20 19:42:13, 3
5f767d7c-18fa-4a58-9b78-1e988de981b7, eng, 2017-09-22 11:03:39, 1
7C986707-CB0D-47AD-8E41-EDD76CD1EE4B, eng, 2017-08-28 18:52:20, 26
A75242E6-6960-4842-84BA-ABA2AD954F39, eng, 2017-09-21 21:45:30, 2
44b50d3b-2506-43b0-b8f4-ee6e0893c8c7, eng, 2017-09-20 22:00:39, 3
73D92AEE-DAD8-4567-B8F6-5B94B0B0E656, eng, 2017-09-23 06:17:28, 1
125b856c-adae-472b-848e-abd8753bf655, eng, 2017-08-29 00:05:50, 26
9c9d76da-cc4e-41a0-a7c6-ab2e44d7ee47, eng, 2017-09-23 09:34:02, 1
B8178E98-C250-4842-BD66-118FA6AC2FCE, eng, 2017-09-03 16:51:06, 20
702D50B3-89F6-4ED9-A7A4-ACF9E427281A, eng, 2017-09-21 07:19:47, 3
24CB2353-B3A5-4002-B0D4-0AC2F22735F0, cht, 2017-09-23 08:00:29, 1
fcb16956-928a-4bbc-9965-89a0c2054f95, eng, 2017-09-08 05:55:48, 16
ea3b430b-d3e2-477f-bcec-55d249f75e4f, eng, 2017-08-29 15:13:54, 25
56C87195-2EB8-4D59-9B60-A8516057CA34, eng, 2017-08-29 21:13:30, 25
6E84DE9B-A539-4583-937D-9F3425CCA02C, chs, 2017-09-18 02:58:34, 6
76fbd0ed-7cd5-449c-a1f2-305298d14a8a, eng, 2017-08-29 21:45:43, 25
b2bad61e-cd55-46b1-877a-1ced3bc07c4b, eng, 2017-08-29 22:11:12, 25
1c37e943-7dc8-4abd-a17f-296043627c79, eng, 2017-08-30 06:21:51, 25
d0078b41-0885-4d10-913e-cd3fe5171d20, eng, 2017-09-16 10:14:49, 8
86115369-89DB-4B23-8009-BC5B5DDDC587, eng, 2017-09-21 07:21:28, 3
626F1543-E769-4CD6-B2CB-E4418FFE63E0, eng, 2017-09-19 13:49:39, 4
37BF29C4-BDF1-425F-B806-E1DA4759C845, cht, 2017-09-16 01:24:32, 8
5E9913AD-4A8D-4483-82D0-2BD9BA053575, eng, 2017-09-12 02:28:41, 12
88dab008-bc25-440a-9273-29b0c478bf5d, eng, 2017-09-20 21:48:50, 3
5AB972E3-BD06-4845-A609-7292D4AA2F11, eng, 2017-08-31 08:07:00, 24
7DB6AC17-7C7C-44AB-95C7-F182691426E4, eng, 2017-09-18 18:19:16, 5
16F45771-4052-4BB7-BB2D-347719C9BF8D, eng, 2017-09-20 13:32:07, 3
AC5556A7-C052-4C7D-ADA1-F486CAC3B2ED, eng, 2017-09-13 12:36:04, 10
5077102D-D248-4C71-B6DF-D9E6F2EFB800, eng, 2017-09-22 06:59:57, 2
8EAC6F10-DD05-4FF9-B89C-193E94900506, eng, 2017-09-01 13:12:49, 22
7D251B54-6352-41D9-996B-52C8781B9024, eng, 2017-08-31 18:42:51, 23
84427216-b1b7-4f6c-ad66-4574b5d754b1, eng, 2017-09-22 05:49:20, 2
8F04F006-7B02-403E-B402-6FF910137822, eng, 2017-09-18 06:56:42, 6
07c265ad-6138-455a-a338-bea4a841cafe, eng, 2017-09-18 07:53:36, 6
a2ff0c3e-8c5b-40d5-b93d-b96dcb9b9887, chs, 2017-09-04 11:18:19, 19
baada4c6-a8cd-43a5-a3f6-221bdabb00dc, eng, 2017-09-23 16:39:09, 0
d0d889e8-7b31-4a58-8f97-b84a71c1bc41, eng, 2017-08-31 19:47:09, 23
85215bc9-dc0c-4c2e-9d25-7365ec33c386, eng, 2017-09-18 19:16:12, 5
b73bbfdf-d8ff-40d7-96bb-884186a07283, eng, 2017-08-31 18:45:22, 23
c558f77e-61a1-4b7b-a0b4-f0abb30f1059, eng, 2017-09-22 20:00:35, 1
47a47802-5dc8-4ba3-9d52-e0a8f795455c, eng, 2017-09-06 11:02:35, 17
C6638CF2-324D-4391-A480-8EED559F8CF7, eng, 2017-09-18 19:08:54, 5
881D406A-266A-4AD7-8F3F-4A552DEDB88E, eng, 2017-09-18 06:17:57, 6
f4ff898e-c8db-46d6-9b0b-d759ae93f395, eng, 2017-09-23 15:40:20, 0
cc7fdc06-f94c-4e26-959b-8d7deed17cd4, eng, 2017-09-17 11:22:23, 6
616f00cd-d93e-4c83-8963-94dc5e0656d4, eng, 2017-08-31 22:05:02, 23
509A62D5-DF43-4FBE-BB3A-938201463800, eng, 2017-09-01 06:43:49, 23
aa9cb91d-8cd2-4405-a6f5-849e4ee6424a, eng, 2017-09-11 18:54:06, 12
97186c8f-62c4-49c3-a293-d8ee2c44aad5, eng, 2017-09-01 14:44:09, 22
07A7EC1F-19B9-41B9-A32D-A71B907CE838, eng, 2017-09-21 19:10:23, 2
ACC68635-9B65-44A5-B88C-DE631E756509, eng, 2017-09-22 06:46:07, 2
ccea7707-bfb1-46f0-b14b-549b12318115, eng, 2017-09-06 11:27:37, 17
F2861A13-28D2-475D-AAC5-171D8A62C8AE, eng, 2017-09-23 09:08:46, 1
36b30295-3abd-4179-a323-19d4fa277741, eng, 2017-09-03 21:47:50, 20
EC25D9E0-3247-47E5-A113-FCAAB0E089C1, eng, 2017-09-03 21:54:48, 20
b3b3475c-8bc8-47bc-9ae9-a2c6c0187590, cht, 2017-09-18 20:24:42, 5
2DDF79B7-5CC1-4268-8D0F-CF341076C974, cht, 2017-09-23 07:53:01, 1
f711fb05-5a21-43cd-8856-7ca620e44928, eng, 2017-09-11 20:47:39, 12
fd9ecc48-7b94-4e63-a623-927b19b8277e, eng, 2017-09-08 18:58:50, 15
613f6c67-78b0-4c68-b095-7b387a69901a, eng, 2017-09-13 21:13:31, 10
0AD94224-2748-4927-B670-DF8FD8A23459, eng, 2017-09-06 19:15:56, 17
50D819D3-4BC0-4584-81E2-E0A18FCD8FF3, eng, 2017-09-06 22:04:50, 17
C96DAA18-28C8-4A67-A1B6-03B6323AC52A, eng, 2017-09-07 07:11:38, 17
63B3F38E-5876-4E3A-9EC8-3A84ADF4AA65, chs, 2017-09-07 19:31:51, 16
19b1e92a-a937-4b94-ae5d-5b5716a1d840, eng, 2017-09-07 22:00:04, 16
df774452-6b27-4d71-9d7a-c87dd17030a0, eng, 2017-09-08 12:36:01, 15
B62952DD-02F2-455D-9472-3CC925703E6C, eng, 2017-09-09 21:42:42, 14
c9526c9d-76be-45b6-9b29-b0b43f9fa320, cht, 2017-09-23 08:01:13, 1
688ac398-bd94-4a96-bae7-d480ff939313, eng, 2017-09-20 09:09:49, 4
e352476d-85cd-4046-804d-ac00199c7f61, eng, 2017-09-22 19:01:40, 1
F67FFB21-7169-4DF1-B286-68F87FCF78E3, eng, 2017-09-22 23:11:55, 1
CF2D9759-9BDB-451E-9D43-3CE12092C4C6, eng, 2017-09-21 08:22:40, 3
3FB8D2B2-2050-48E9-8BD0-CBC57D269D3A, chs, 2017-09-18 07:27:37, 6
CC85830B-535E-4D9D-9CAC-D62E28A1A44B, chs, 2017-09-18 21:12:39, 5
57251C77-053F-4529-AE32-B4BD73430F9C, cht, 2017-09-12 08:46:09, 12
0FFD6B22-0758-47D1-B2D8-D2509E8C28CD, eng, 2017-09-10 05:39:31, 14
78B02522-42D5-4CCD-BAC8-99B5BCA11EE0, cht, 2017-09-22 21:45:55, 1
CCDCD83D-40FC-4806-A897-F6D2BA063184, eng, 2017-09-16 07:48:34, 8
21E1A2F0-B4B9-4BA5-ADAA-4F98103E4539, eng, 2017-09-10 21:22:45, 13
DBAD8824-30A9-41E1-B210-CE02D3A5621D, eng, 2017-09-11 19:54:01, 12
CB7C12A1-652D-4B69-B706-5770D2815B9C, eng, 2017-09-10 22:18:13, 13
8276122A-B36F-4C10-9E05-C189ED7F1CDE, eng, 2017-09-11 07:00:38, 13
44F2E3A0-71AF-4020-B1F5-B7C211443F9E, eng, 2017-09-11 13:25:14, 12
46e9daec-fc1b-4898-8f13-eb522b2e1351, chs, 2017-09-23 21:13:39, 0
67e4069b-6e19-4933-a586-5de5c098f06f, eng, 2017-09-11 17:36:46, 12
6c00fc84-b122-45fd-840b-07ed9d55a3fa, eng, 2017-09-15 05:50:29, 9
60306652-2B01-45D0-8C31-2C6C38A2D687, eng, 2017-09-22 22:49:19, 1
1d879951-950d-48ba-ad31-c66226c17a82, eng, 2017-09-21 23:35:12, 2
A601AF66-79CD-4DD5-9FE2-11098EBB4582, eng, 2017-09-23 15:51:15, 0
E3328D89-6257-43CE-A33B-2A515E5364CD, eng, 2017-09-21 10:02:13, 3
793E4545-5AB3-4D2F-A7C3-CB73F00DFB52, eng, 2017-09-18 06:44:00, 6
3b0387f4-fbd7-457c-ae78-f7610d4271fe, eng, 2017-09-11 19:06:49, 12
cd091fe3-5ce7-4f89-a71c-6b8be30518cf, eng, 2017-09-11 19:53:32, 12
04D850BD-7479-4B8F-B714-382C3ACB2830, eng, 2017-09-11 19:08:14, 12
e5b65f4b-700f-4375-825c-bc6ba38d568d, eng, 2017-09-17 16:33:33, 6
0B4C7A5B-2127-442E-B80D-76332B070C6A, eng, 2017-09-19 22:40:56, 4
A8169FF0-81A4-436A-8C98-979A1F9014BA, eng, 2017-09-11 19:10:09, 12
9F1E3A30-5D54-403D-B7FF-46849F030DDD, cht, 2017-09-18 17:20:20, 5
d8d414b5-2d9c-495c-a28c-7f62d20b36a8, eng, 2017-09-20 15:01:23, 3
6871364f-4aa7-4b57-b8d4-a739115d20a6, eng, 2017-09-23 11:30:55, 0
50E484A8-1D54-4E99-991B-E845297969AE, eng, 2017-09-16 08:03:43, 8
81b0e7d7-9021-4f83-add4-603bb91bef4a, eng, 2017-09-18 19:16:29, 5
8286bf90-a683-4164-a772-40096ea3c0de, eng, 2017-09-14 15:37:19, 9
14f2dcc3-9e55-4bf5-818f-e3eb20ef57da, cht, 2017-09-11 20:12:08, 12
89A9CB49-ACFA-4275-A477-8031703F0CB6, eng, 2017-09-11 19:23:37, 12
88749DF6-F9D4-44C6-837B-C5E45E041108, eng, 2017-09-23 19:42:04, 0
A6888BCD-897D-44D3-A037-953E160135DB, eng, 2017-09-18 20:00:29, 5
6A4FFE6F-C493-4995-9FBC-5F2E7608CDA0, eng, 2017-09-21 08:56:27, 3
848F5DE6-989C-4F0A-8C19-19A63825D31B, eng, 2017-09-11 19:45:31, 12
2EE433AF-5CB4-403C-90C1-A2B48BFA89E0, eng, 2017-09-11 19:28:10, 12
19FB9128-C09A-479E-A8A2-800D4D8C609E, eng, 2017-09-23 11:03:03, 0
0ad1e1bd-5d88-45b1-b67b-7f3817b4416a, eng, 2017-09-11 19:30:00, 12
88c9a51c-415b-4ae3-ac5c-d09b0e6bbd53, eng, 2017-09-18 17:10:23, 5
3924D69D-F786-4574-8D70-9D47D9798726, eng, 2017-09-11 19:35:10, 12
8FFF8962-1988-48C4-9D9B-A6340751DB93, eng, 2017-09-11 19:37:30, 12
8D3BB0EF-D0C0-4DA0-9854-5DCEFF6D5831, eng, 2017-09-12 08:35:32, 12
F30AD04A-BC49-4FC6-9291-DDA8B054D0DC, eng, 2017-09-23 11:21:18, 0
1e498e32-f5a8-48f8-b6b0-b78521165095, eng, 2017-09-11 20:53:20, 12
3677c589-c793-4a91-859e-59cb3969eaf1, eng, 2017-09-18 19:52:03, 5
3A5FA4D9-88D8-4478-9CF4-C5DF9EE10F9B, eng, 2017-09-11 19:40:26, 12
0FBA909A-08C7-43E7-BDF5-DB326D2DD3B9, eng, 2017-09-22 13:31:13, 1
A077BBA7-29B8-410F-8263-8026DF668C7E, eng, 2017-09-12 19:44:45, 11
67C91FEC-976A-400A-9963-3C06E17ADB2E, eng, 2017-09-18 19:14:47, 5
D6F6E7AA-FC50-4F9F-A3AE-96C0A374752E, eng, 2017-09-20 22:28:52, 3
AF1D8336-33BA-4DCF-8F88-C8612E5E7E80, eng, 2017-09-11 19:43:12, 12
036A727B-AC18-43AB-A89F-CBA2DA933AA2, eng, 2017-09-11 19:47:07, 12
7B977108-566C-448D-AD0C-C4B88F8B8BEB, eng, 2017-09-11 19:47:08, 12
99E12F4B-77DF-48FD-968A-00D1988AC669, eng, 2017-09-11 19:47:20, 12
ae25e9bb-4f85-4be9-9e5d-173c87e8cbad, eng, 2017-09-11 21:04:26, 12
351b3971-0949-479a-b439-ea7f7134fb71, chs, 2017-09-14 06:19:29, 10
E1594703-E02A-4D51-9AE2-44EB172EC01D, eng, 2017-09-22 22:45:52, 1
ce98234e-07b9-4dab-a0a9-240ce020ca6e, cht, 2017-09-23 08:51:19, 1
74193419-3fa2-4187-9c81-f5ad7f5176e5, chs, 2017-09-16 16:27:25, 7
6E6F9AD7-24FF-452D-A08C-5D02E4F41021, chs, 2017-09-23 09:37:48, 1
ED0E169E-FA6C-47F4-8E8A-C17BF5E65143, eng, 2017-09-17 20:42:07, 6
e342c912-7609-4cce-b65f-26984ec69266, eng, 2017-09-23 11:01:37, 0
34ed552e-5d18-4099-90f4-394c93ae6dbb, chs, 2017-09-15 18:13:04, 8
c453d872-07a6-40a4-9b99-2e4ff03d1eec, eng, 2017-09-15 16:17:43, 8
C460256B-3B21-4BC7-97C8-58E04F432301, cht, 2017-09-15 18:25:05, 8
AB8EA222-193B-410E-9ED2-264615189B4B, eng, 2017-09-18 18:51:52, 5
6eee136f-b429-41fb-95b9-1fb7d9dcbb7d, eng, 2017-09-18 14:53:24, 5
c6f55578-90e7-4b51-b89d-dd947925c7c7, eng, 2017-09-18 13:47:52, 5
6c7c5cad-4aa3-4f12-9be6-d1c89db20715, cht, 2017-09-19 08:01:18, 5
6BC01CDC-9D19-4D22-A0B5-EC4592D911B6, eng, 2017-09-11 20:03:06, 12
BD861F91-2A01-4067-A2F3-D3F090524838, eng, 2017-09-21 08:41:59, 3
0C6F9ACF-1A9F-4048-8542-D4F7BC9DA2EA, cht, 2017-09-11 20:39:19, 12
9A699113-F89E-4A93-A939-5D23F06A8F30, chs, 2017-09-18 19:40:30, 5
7375e040-c341-40ad-aa91-e71ccab3dfa8, chs, 2017-09-20 15:28:05, 3
71305801-831A-4E44-BFE8-821A95C269A2, chs, 2017-09-11 20:08:10, 12
0C4CFFC4-0000-4652-A3B7-8CB753D36D12, chs, 2017-09-20 03:13:39, 4
712FEC9C-EF23-46C7-B85F-47ED55700434, eng, 2017-09-18 19:58:06, 5
B5A08877-8072-4CCB-B857-BC1C5E0CA22B, chs, 2017-09-22 16:28:01, 1
2FF24D77-0BC9-4F9B-A722-77CFBD5DA115, chs, 2017-09-11 20:08:06, 12
829DE333-7683-4ADA-A0E6-E5C0CDBF41E7, chs, 2017-09-13 08:57:35, 11
FE8E89CA-693E-4BAB-BEA5-CA632F89ED89, chs, 2017-09-11 20:08:52, 12
2154db8b-7593-4e11-83ea-38184bc9d2b2, eng, 2017-09-11 20:08:57, 12
C6D37AC5-2B7E-40BA-9C59-7F00CAC69B7A, cht, 2017-09-23 21:33:41, 0
035ba9ed-80bb-4924-ba4a-0973baeae46c, chs, 2017-09-16 11:41:10, 7
284BAF59-5943-48AC-A275-529AE6CA7376, eng, 2017-09-18 20:24:47, 5
39651581-AE84-4D53-8541-9D83FBD98AFB, chs, 2017-09-21 00:38:49, 3
D4452F4F-C203-4416-A138-9A27FD6094D4, eng, 2017-09-11 20:34:06, 12
630a4a5f-4896-4157-a3ac-d091d4afba4c, eng, 2017-09-17 19:49:48, 6
F8923191-9230-4EAF-92CF-AD66AF2989A9, eng, 2017-09-11 21:03:07, 12
6ACA39EF-F72D-4797-8180-1EB7DC0F16E8, eng, 2017-09-18 10:12:25, 6
B00B84D2-2734-4655-A6E0-B31ECEFCF3EF, eng, 2017-09-11 21:09:45, 12
5b56fd36-8c0f-49ac-a35b-7fc0a98a0017, cht, 2017-09-18 18:21:31, 5
eda79196-94ab-402a-beda-0c2b06fa7a06, cht, 2017-09-21 20:49:34, 2
14739914-4207-473D-A5C1-CAC50E039C93, eng, 2017-09-18 19:59:07, 5
5AC280C5-3479-4DCA-B675-24FDD16BB016, eng, 2017-09-18 19:13:19, 5
C98858B8-B340-43B1-8351-0F80181EDF5A, eng, 2017-09-23 20:38:30, 0
6E5CD540-9709-4D31-9DE5-A27DD73C0131, eng, 2017-09-15 14:10:03, 8
0A910146-BC19-41E9-B320-E1D3C5E63643, cht, 2017-09-16 09:06:44, 8
FE06668B-573E-44A0-9350-05214016F187, eng, 2017-09-11 21:35:56, 12
104749b8-5fbb-48b8-be93-0121a1849bd1, eng, 2017-09-11 21:45:30, 12
E14A1438-A26D-463A-A7CA-A37FE332F76B, eng, 2017-09-19 08:22:48, 5
486D412D-4208-4268-9EA4-415A99A9DAEC, eng, 2017-09-20 14:07:44, 3
c7b61a13-b38c-48e7-8c07-de3aa7a48cfa, eng, 2017-09-11 21:52:04, 12
A626BEDA-9DCB-49A7-B175-2E2A421F9486, eng, 2017-09-21 21:41:50, 2
10590D24-70C3-4B29-AAC7-0F394E34E5DC, chs, 2017-09-20 11:05:28, 3
3459B140-B3B9-452B-B2BD-6323E725D5D9, eng, 2017-09-11 22:06:12, 12
5B377FD2-14C3-402A-AFDD-CC14828BE86C, cht, 2017-09-21 20:49:27, 2
8CA3B225-703D-4D5E-B347-20EEA9DB9644, eng, 2017-09-11 22:19:25, 12
9c3e7308-c007-443f-a00a-f5710f2d86e4, chs, 2017-09-11 22:20:04, 12
9D5A7110-EF44-4A0C-8EC7-08841914AB19, eng, 2017-09-23 14:16:45, 0
7D27B484-7FCE-4A44-BDDD-F8A80455E747, eng, 2017-09-11 22:32:46, 12
09C159D7-21CD-44FA-92FD-67E9EEC50F01, cht, 2017-09-11 22:48:33, 12
15DB286A-D856-42E3-ADC4-DE4E9C7B7E31, eng, 2017-09-11 22:54:42, 12
04F9D301-2985-464F-978A-E83C4548A934, eng, 2017-09-11 22:56:02, 12
0558416f-05be-45e1-84d1-b9824b7d789a, eng, 2017-09-11 23:07:38, 12
F3E39F45-2977-4CDF-8723-E77FDF296FAE, cht, 2017-09-12 03:14:41, 12
5419E1EE-DFED-4427-A2F1-7F7AF08D9FBF, eng, 2017-09-22 09:19:11, 2
4b3bbe49-2d1a-4382-bb66-c3a985e26d1e, eng, 2017-09-20 06:53:56, 4
EC2B5476-EA46-4F8E-89D5-E9B3F6ABE5DB, cht, 2017-09-22 16:22:43, 1
CC380A86-6375-4D2D-A636-1D0AD0AEC610, eng, 2017-09-18 19:02:35, 5
46F49398-6589-4A58-9F0A-C29037A7D502, eng, 2017-09-22 05:43:51, 2
b2ead1f9-b0d0-4338-8b66-c10c61ff43af, eng, 2017-09-17 13:13:05, 6
fc5d7d61-31fe-450e-850b-f5d4828d9ebf, eng, 2017-09-16 06:41:19, 8
c97977ea-9942-420e-941d-2eb46e131da3, eng, 2017-09-21 22:56:05, 2
adfa393a-a764-4ec4-9466-4c1d3a983740, eng, 2017-09-12 10:09:18, 12
06BADD3B-4E9B-42EC-9488-91B123A356B0, eng, 2017-09-19 22:16:43, 4
1090D4A4-7D99-45E3-9349-B744FB348B9F, eng, 2017-09-12 10:34:37, 11
94D5A8B6-132A-49C7-85F0-362A35057FE5, eng, 2017-09-12 10:38:12, 11
e5b9210a-d5fa-4629-9573-fbe3ea0b068d, eng, 2017-09-12 10:38:40, 11
332E543D-6F1B-4503-8B25-B6CD9D621381, eng, 2017-09-13 19:05:29, 10
CC7B0CAC-C5B8-4DC7-83FF-BA42FE741FDF, eng, 2017-09-12 10:41:23, 11
9FFCA441-6B58-4B53-90C5-3D2A40C8C550, eng, 2017-09-12 20:27:07, 11
035C907D-C880-45E8-9E11-492F6FB6FAD8, eng, 2017-09-12 12:25:26, 11
D93C150A-DD18-4545-B3DA-93DA042D21F5, chs, 2017-09-12 17:16:38, 11
07817049-72A7-4844-806D-4891E2DC360B, eng, 2017-09-12 13:00:12, 11
FE8A9ADD-A349-40D6-8243-CF300A0AFEE4, cht, 2017-09-22 22:47:45, 1
5EA96E22-65FD-4A43-83A4-C643C98847A4, eng, 2017-09-15 11:31:18, 8
E962C3A5-73DB-445E-9DA4-133FBE0BBB98, eng, 2017-09-18 20:35:29, 5
A9C3488E-ABCF-456E-BDAC-EF6A03E77194, eng, 2017-09-12 22:54:04, 11
3AA019EE-0107-44D6-9844-A8C3540FA803, chs, 2017-09-12 16:01:30, 11
D9020B51-170E-4940-AC89-B613949ECCCE, eng, 2017-09-12 16:13:46, 11
ED06FF37-1281-4381-B763-45ECA4C22D8E, chs, 2017-09-12 16:19:38, 11
EECD82A4-00C3-4001-856E-AAC7D9B0233D, cht, 2017-09-18 16:25:19, 5
DB50E7A1-AE1D-4E21-A598-F7267BA3B248, cht, 2017-09-21 05:02:07, 3
2B841305-28B2-4ED7-A63A-09F7855471C1, cht, 2017-09-13 21:56:48, 10
E9FEBE9B-0698-4FBB-ABCD-711BF8DA171F, cht, 2017-09-20 12:44:08, 3
37EF10D4-A3DD-4EBF-B914-BE49C340F8AB, chs, 2017-09-22 09:47:15, 2
6DF6FDFA-835E-409C-BA2A-3BDABADE6C40, chs, 2017-09-22 20:50:08, 1
0FE2CB31-C644-4249-A537-90D3D44256E5, eng, 2017-09-12 17:25:51, 11
FD1B718A-B5B1-4EAB-B585-17AC0F69FD9C, eng, 2017-09-13 02:28:03, 11
79E79EFD-13D0-4D62-A6FC-12766E30AFC6, chs, 2017-09-23 18:05:41, 0
70A94043-9C37-4371-B1E7-8D8C4ED5CBFE, eng, 2017-09-12 18:34:58, 11
45E3C395-9650-47D3-B92B-F006A48CF5B1, eng, 2017-09-12 18:37:14, 11
bf4e1a2e-91c4-46db-9c4a-6d22ec6216a6, eng, 2017-09-12 18:51:03, 11
229b044d-94b2-4edd-9a36-285eab773931, chs, 2017-09-23 11:37:52, 0
F65BADFF-35AF-4ACF-AF04-21704A492EB5, eng, 2017-09-23 11:39:36, 0
94fdc3b9-1a43-472b-84b8-1438547ceb7a, eng, 2017-09-12 19:18:44, 11
1C0C1B5F-F280-45E7-9160-9697E20826E8, eng, 2017-09-23 15:59:25, 0
ce85981e-1834-4075-a4e5-ead75aace1a3, cht, 2017-09-18 12:17:56, 5
BA4B2DA0-D11F-4862-8850-5F9ACC199D01, cht, 2017-09-19 08:43:21, 5
b15bff11-debd-420d-a1c0-c6b45f0355b5, eng, 2017-09-12 21:38:49, 11
dd3e0d0d-5f2e-4087-a0b6-646d31eb5f27, chs, 2017-09-21 22:01:12, 2
D0C11862-729B-4D48-8291-99DEFD6BDBA6, eng, 2017-09-19 21:03:08, 4
345FAE29-1770-4C95-81E7-F2D7948A4332, chs, 2017-09-12 22:28:36, 11
0B4084E2-5363-4B19-A4E5-35ECE4353AAE, cht, 2017-09-21 23:38:51, 2
fa012d27-bf13-4d5e-a056-32d84af31f7f, chs, 2017-09-21 10:33:32, 2
0383CAED-F206-484B-A223-FF684ED526B0, chs, 2017-09-23 08:57:58, 1
830bcfbd-6b1a-44a0-8940-6c00fe349696, chs, 2017-09-19 08:43:46, 5
BA0AB041-3337-473F-8B5B-C2B269F647F2, eng, 2017-09-12 23:51:45, 11
3164BDA0-E4E4-4A37-8BED-96A755ACF486, chs, 2017-09-13 09:03:05, 11
14470fa0-2205-43f3-83ae-76789dd0e880, eng, 2017-09-13 01:18:29, 11
CBFE245D-AF68-4265-A4E7-B2AC9BF9EE38, chs, 2017-09-15 01:47:03, 9
4352A08E-137C-4168-B021-A2A942D61E06, eng, 2017-09-13 05:01:50, 11
35243FA2-8E20-4534-956A-279C7C83D1A0, eng, 2017-09-16 08:32:01, 8
1673400F-8D79-4E8C-871B-4DC101685C26, eng, 2017-09-13 05:59:40, 11
BC910F3A-82C9-49E8-ABDD-9E1D619A4231, spa, 2017-09-23 09:12:27, 1
C4CB5218-D909-407F-ACA3-A22A091DA756, eng, 2017-09-14 22:47:32, 9
857f7832-114a-4c1f-895f-9077d8713e88, chs, 2017-09-22 12:44:03, 1
4C97240E-73A8-450C-96CF-0756E5B15940, chs, 2017-09-15 09:53:56, 9
1B9916FE-19F7-43EF-9618-6484787A50AE, eng, 2017-09-13 10:25:21, 10
5fb0ee86-a344-40a4-96c3-98510bfb884b, eng, 2017-09-13 10:51:29, 10
ac4f4843-40cd-4dd6-82aa-c2ff8d1514d2, eng, 2017-09-17 20:09:45, 6
F584845D-E4D8-46EE-AAFC-1B8C2193866A, chs, 2017-09-22 09:45:48, 2
780220A7-A5ED-4E94-A809-5A3AAC599454, chs, 2017-09-13 15:45:12, 10
33A8E830-64B6-453D-8E56-033C239D872E, chs, 2017-09-13 18:57:49, 10
8b26ff01-280f-4d0b-ab3b-f31064804d17, chs, 2017-09-13 19:56:12, 10
c272afa4-8f55-48c1-a667-3bfda3c41999, eng, 2017-09-23 06:06:04, 1
1EE044DC-5421-456D-BCBB-41B6B31B9820, eng, 2017-09-13 21:08:43, 10
322E2720-E6C8-47B1-9FEA-07BFCB784F7C, chs, 2017-09-21 12:20:06, 2
23CF23A5-4F37-4347-8593-ECA92A0748A1, cht, 2017-09-22 07:47:36, 2
2194800C-2ABD-4F0C-8A79-AEA379F0E400, eng, 2017-09-14 11:09:51, 9
39699432-F7EC-44C3-81AA-8202846ADA15, eng, 2017-09-14 11:54:06, 9
6CE3C0BC-ED65-4026-9FF6-8ADC05F68ECE, eng, 2017-09-14 13:03:50, 9
158A6AD4-7F90-4F62-BAC7-33346975E942, eng, 2017-09-20 09:15:33, 4
5CB2EAF3-64B7-4135-BBBE-C864982EE9DA, chs, 2017-09-15 09:37:11, 9
6b46e838-25a8-4e18-a8d0-3cec1e8895a6, eng, 2017-09-18 19:58:36, 5
469169A3-D2BA-4AC0-A9A3-23C93DBC49CF, eng, 2017-09-15 14:55:21, 8
8B975F2E-E108-4B3C-ADA0-6AB5B4E10ED6, eng, 2017-09-15 06:59:48, 9
DB977038-1ABC-490D-BDB5-5E5EEC2E9980, chs, 2017-09-18 05:04:18, 6
D6A8ED25-0CB1-4939-9706-5FB25D838984, eng, 2017-09-15 08:53:50, 9
F0C80F6A-1059-4DF4-81BE-AF811B03D80E, eng, 2017-09-15 09:36:57, 9
6dc7f6f6-a9dd-45a8-9492-9778e0d647d9, cht, 2017-09-15 10:03:09, 9
45787CCD-6404-40D1-8EA9-AC0113000E56, chs, 2017-09-22 08:52:03, 2
4DA8D3BC-6AC0-497D-8B98-9E4B4F3922BF, chs, 2017-09-15 12:18:08, 8
1CD5CD8F-D52A-4A8A-AFCB-3855F8528324, eng, 2017-09-15 10:01:33, 9
BC59C15C-93AE-4F3A-A7C8-7EE6399DD13D, chs, 2017-09-20 19:00:32, 3
a9f7553d-a38f-4afc-a9e0-745e93914058, chs, 2017-09-15 10:09:16, 9
83AA30BD-F5C9-46FD-A8D9-E2BCEA27D2B5, cht, 2017-09-17 13:23:10, 6
ff017123-ee77-45ef-9544-09c3b7daa4c3, eng, 2017-09-15 12:27:40, 8
5819c0e8-b3a2-42c4-a733-263a0fdda2aa, eng, 2017-09-15 15:15:07, 8
82B34511-0DA2-47B4-9A57-E1644219718F, chs, 2017-09-23 04:24:06, 1
FB001257-1708-45A7-8341-169E61620ED9, cht, 2017-09-16 00:52:03, 8
03E64CAC-5D67-4FC3-BAF6-B85DF8529C32, eng, 2017-09-15 20:12:35, 8
B396CF25-C5C8-4638-93ED-6B4D54309800, eng, 2017-09-20 09:44:08, 4
B70AC34E-60D9-4D55-9045-415100B8D725, chs, 2017-09-15 21:09:02, 8
4681111F-736C-491B-9BE7-701CC95A9D4F, chs, 2017-09-20 18:29:46, 3
B1D8C813-3648-456B-8F8A-75A51B92941B, eng, 2017-09-15 21:34:41, 8
814B3932-9A7D-46B8-9B49-90E0537129B9, chs, 2017-09-22 23:17:55, 1
863D3242-0C8F-4132-BB24-D66DEE9C761D, eng, 2017-09-16 05:02:06, 8
124D0653-941E-4F90-97D3-9AC6C33AE1D3, eng, 2017-09-16 07:22:54, 8
288211be-b069-4b68-a5f0-7d71f6d61f04, eng, 2017-09-19 14:19:24, 4
9C1E36EA-5727-417C-900B-EEBD1B5568A0, eng, 2017-09-19 21:44:52, 4
a8c560ff-aa52-4e1d-b470-7b5efa2437e3, eng, 2017-09-16 12:30:47, 7
180572FD-724E-4794-B4B3-1EFD5F8B9898, eng, 2017-09-16 15:12:39, 7
F237A704-4ABB-4FA4-9C89-33FB16C2A460, eng, 2017-09-23 21:33:22, 0
5cb70a50-78ec-4a67-86d0-cd352a5eea2a, cht, 2017-09-21 20:33:17, 2
344CB146-397E-41FC-A019-3C8E51EAC294, eng, 2017-09-18 19:19:13, 5
7D5025A7-DE05-47CB-B898-8893606C225E, chs, 2017-09-16 21:27:21, 7
06ff1067-db91-41c0-be80-ee66bab6985a, eng, 2017-09-16 21:47:26, 7
5bf4a357-c8db-4985-8807-37bb44a77e1f, chs, 2017-09-19 16:17:16, 4
080fba33-6a44-482e-b581-4240514edc63, chs, 2017-09-16 22:18:47, 7
3e42f69b-229d-4c5a-a26b-af51d7405793, chs, 2017-09-16 23:59:46, 7
F8BB62BA-4C7A-47BE-8797-B95D6BA43E8C, cht, 2017-09-21 16:39:36, 2
92B12E55-C371-4411-BA12-630A0F79DE13, eng, 2017-09-21 14:14:27, 2
4F38B7E7-DA81-4D96-BED7-135A952ECB24, cht, 2017-09-18 19:19:02, 5
93FA289C-EBDE-48B9-8E74-F9259E349BC3, eng, 2017-09-17 10:07:56, 7
874b42ee-5dcd-4a42-8d56-bbd8a4fa0309, eng, 2017-09-17 10:10:26, 7
5BEBD1EE-71A8-436F-B8BB-6F8F68FDAF3F, chs, 2017-09-17 10:18:30, 7
37F0C4D6-2E53-412D-9EAF-E1E723D67DFD, eng, 2017-09-18 06:37:10, 6
A103A0DE-8698-49BF-9EA8-7685F574172A, cht, 2017-09-20 09:22:13, 4
BAF53237-1251-48D8-8E7A-3EBC754E4936, eng, 2017-09-17 13:13:01, 6
CEC7D343-13E9-4E04-BEF0-75E1D30A3A53, chs, 2017-09-17 14:03:17, 6
0E9A2D9E-75A2-4015-8703-51E0C96C7A7D, eng, 2017-09-22 19:04:02, 1
648C8009-CE0A-471D-A4F2-F1432518DA4B, cht, 2017-09-17 16:50:05, 6
bc7b367c-6997-41bd-bee4-1dcb1117a2ad, eng, 2017-09-18 20:27:24, 5
89d4fe08-04c6-438d-8d0d-4118a1037d97, eng, 2017-09-18 21:30:39, 5
45B9E59B-2457-4A82-BAC5-361A5EBF0847, cht, 2017-09-23 09:01:11, 1
df116b2c-cd0e-4744-b260-0c180172e137, chs, 2017-09-21 13:26:37, 2
3aa7b695-6d4d-4614-b6a4-d7a4f842c5a8, cht, 2017-09-19 19:30:25, 4
4b870593-799e-4e64-8d16-77fe352604b7, chs, 2017-09-21 13:13:58, 2
86EEC7CD-B662-4A3E-9F0B-A96074257773, chs, 2017-09-18 19:35:07, 5
97650EB5-B6B8-482A-B9CB-260E2F104483, eng, 2017-09-18 21:28:38, 5
6954248E-3AFA-4D8E-B59B-66085B4CDD08, eng, 2017-09-22 06:18:12, 2
73A67539-2EFC-4BF3-B15E-25E0ED850F13, eng, 2017-09-19 12:04:52, 4
35AC5C52-EC0A-466F-96D7-920DF92CBD68, eng, 2017-09-17 19:54:45, 6
6914376F-671E-4BE7-85FF-D5562357601D, eng, 2017-09-23 11:18:37, 0
8B832ECC-E411-45FD-BB1E-EEDD44A65A29, eng, 2017-09-17 20:37:47, 6
78A1ED12-E28F-4330-BF22-643EF37F5626, eng, 2017-09-21 09:11:48, 3
3BE1BBC6-5938-4DD6-9270-DC9C2DAE42FF, eng, 2017-09-22 16:25:13, 1
591267e8-0f0a-4c5b-b4d6-408e0b6cd55d, cht, 2017-09-22 20:53:45, 1
D2FD2706-294A-4824-99B9-BEC43C7A893D, eng, 2017-09-22 06:39:25, 2
D769C2C4-C411-46C4-9CDF-0219713C4A40, chs, 2017-09-22 07:38:50, 2
8a836972-6373-4828-a316-b2189bb49de0, cht, 2017-09-18 12:26:20, 5
0F7FCF8D-F012-4BC1-ADA2-B39847CA68C6, eng, 2017-09-21 07:29:19, 3
9D8DEE58-96E8-4914-AFC0-2CEE5FC5489F, eng, 2017-09-18 16:24:10, 5
8E7FC149-C7E3-4AEF-B1D4-3EBBBCD5C301, eng, 2017-09-23 05:38:59, 1
6c305b29-ca86-4e06-9c8a-0be4de3dc39a, eng, 2017-09-18 19:04:37, 5
c88a26ff-c8e1-4274-b2a1-9097197bf501, eng, 2017-09-18 19:06:58, 5
31BAC1CD-6A2C-45D7-8965-843ACE4BAFB3, eng, 2017-09-18 19:08:22, 5
6603CED8-D144-44F3-9DC1-898695BC5B77, eng, 2017-09-18 19:08:29, 5
A0B41992-3DCB-43AC-A1F8-363197845263, eng, 2017-09-18 19:08:31, 5
7499DF44-11C1-4E70-884C-60B89466852E, eng, 2017-09-18 19:09:14, 5
AB07D858-251B-44B5-B833-64CA9AA8EEF5, eng, 2017-09-18 19:09:22, 5
7BDF1B2C-566F-49CA-8D0F-56D54C1E3333, eng, 2017-09-18 19:09:29, 5
304C7CC4-EF46-47F5-A56F-1AD42AE470A4, eng, 2017-09-18 19:09:37, 5
9cc4f443-98cd-4c98-bf12-08418f45f71e, eng, 2017-09-21 19:49:36, 2
880CDBE8-2FCE-4D15-809F-BB33421FE493, eng, 2017-09-18 19:10:50, 5
a8285549-21f0-440f-8df6-b77098304ae1, eng, 2017-09-18 21:23:39, 5
1df142d1-6afe-476b-8bd7-514be1e393f6, eng, 2017-09-18 19:11:47, 5
e7c6819f-c31e-4794-90b5-a98c0dbc15cd, eng, 2017-09-18 19:11:55, 5
ae7e2e21-5e8a-4704-9b53-89a7792083cc, eng, 2017-09-20 18:43:27, 3
b1334b49-16ad-4376-a840-195513a77104, eng, 2017-09-18 19:15:54, 5
427850E1-EC2A-442B-81F0-FF4CE6E0CD09, eng, 2017-09-18 19:17:16, 5
9485B89E-0CA6-4C3E-97B1-0E33ACA13A6D, eng, 2017-09-18 19:40:49, 5
7318e228-424c-45e2-b7d0-8370fba99867, eng, 2017-09-22 08:12:57, 2
BDEDA168-4D60-4BC1-99A8-573DC9E1771E, eng, 2017-09-21 22:23:23, 2
79E40CBE-F2CD-4F63-ABC9-A28EE67C8BE8, eng, 2017-09-19 20:12:53, 4
F6F4272B-E7FD-46C1-8254-74C4C04028EC, eng, 2017-09-18 20:08:19, 5
5B8FE725-A451-4C1E-92A4-DD205C33854C, eng, 2017-09-18 20:09:04, 5
A30ED9B7-50E3-4B3F-BAE4-4AAB02A34F28, eng, 2017-09-18 20:16:45, 5
8988C5D3-6B7F-4DCE-8F17-DE2FFE5437C5, eng, 2017-09-21 08:03:43, 3
67C389A0-276A-4839-AD5F-4C562B8A5C98, eng, 2017-09-22 21:08:23, 1
311220D8-0597-412B-85EF-83337176DACD, eng, 2017-09-18 20:19:10, 5
58DA4281-FF81-47C7-A085-31425E9B4C86, eng, 2017-09-18 20:21:02, 5
6a1425ce-684f-404c-9f81-313f06943c7c, eng, 2017-09-23 06:25:11, 1
a48d17e1-76a6-44e7-a50e-738b1999d7d2, eng, 2017-09-18 21:53:29, 5
AD96224F-5421-4E87-B4E0-BA822D6A9402, chs, 2017-09-18 21:05:45, 5
D84D0512-0478-4339-8C32-A74498D8688A, eng, 2017-09-20 09:47:09, 4
776E99E1-043B-4527-9447-796E225613A9, eng, 2017-09-21 20:07:59, 2
e686e4d9-eaf4-426d-91c1-a511d59dea5e, eng, 2017-09-23 08:47:57, 1
E8E534FD-4CAC-4045-8F45-35E6BEFE1B93, eng, 2017-09-23 09:10:21, 1
1BAE3349-98C3-46EE-BAAA-68D047D3FED7, eng, 2017-09-21 07:11:42, 3
D6F7BD81-E773-487B-A66F-042B1481B9A5, eng, 2017-09-21 13:06:21, 2
1F912D94-B3C9-473A-8000-0071EBD25DF3, chs, 2017-09-18 22:58:30, 5
801CAF70-9446-4E0F-B88C-4DA4DEC63860, eng, 2017-09-19 17:15:17, 4
0BE42BFA-662E-494E-8512-5BAE11B34C18, eng, 2017-09-18 23:15:50, 5
A83315B7-A476-481B-A576-807CD4E05A40, eng, 2017-09-18 23:58:15, 5
3F61246B-2453-4AE1-9ADA-E077532E09DE, eng, 2017-09-19 00:41:03, 5
63476D24-CC5F-41D7-A809-A0B248F1F12A, eng, 2017-09-21 20:00:01, 2
99636ECE-EE17-49D5-A2D0-A6F79701E8A6, eng, 2017-09-19 07:17:44, 5
79fd6475-8c53-4623-9370-c375161a52f2, eng, 2017-09-19 07:22:11, 5
1711F57F-5493-4388-80C5-E2C0FAF0164D, eng, 2017-09-19 17:14:48, 4
53869B16-1B1B-494C-A3C5-812EF97D5851, eng, 2017-09-19 10:41:50, 4
0D92AF06-51A4-451A-82D3-7AB4168CADBA, eng, 2017-09-19 11:27:30, 4
EE6D66A0-1CCE-4383-85D8-C50547116AE4, eng, 2017-09-19 13:29:09, 4
715F2BB0-7F7F-48AE-AA42-10F47410B4A3, eng, 2017-09-19 15:14:44, 4
76c99546-75db-4d9f-a67a-2dc3a62aa6a0, cht, 2017-09-19 15:29:35, 4
852C8AE9-CDBB-45DB-BE61-B1EC1D98E481, eng, 2017-09-23 11:50:22, 0
82EAAF92-70AC-4312-9537-2C8142E86C91, eng, 2017-09-21 17:37:41, 2
b21b8a48-24e2-4fa5-9b83-3d7d3e7cedaf, eng, 2017-09-19 16:53:45, 4
19BC0E24-FB8D-4905-8017-9E5727F2D47D, eng, 2017-09-19 19:00:13, 4
A9D18E7E-81D9-4D23-9A0C-4DCD3DAB3628, eng, 2017-09-19 19:07:08, 4
6D44DA04-6313-40ED-95E0-F14179A9BEBA, eng, 2017-09-19 19:12:47, 4
B3C72B4E-7D68-4605-BFD4-13CCC6895435, eng, 2017-09-19 21:06:17, 4
2A85684C-4E7F-49FA-A585-EB08F62732D5, eng, 2017-09-19 22:28:42, 4
B254116F-47DF-477A-A260-A39348C4A014, cht, 2017-09-22 11:09:21, 1
9CB0E456-EBEC-41ED-B0A2-CC9ED9C9ABAB, eng, 2017-09-20 07:20:45, 4
C08707C5-38B7-4FD7-8EE1-E26E25C3F40E, eng, 2017-09-21 06:00:19, 3
4A2B0701-3CFE-4A30-AC51-DF10DC067A1E, eng, 2017-09-23 08:46:30, 1
04d750d1-5857-40cf-88bf-72f644bdb96b, eng, 2017-09-20 11:00:46, 3
2bba79e7-516a-4529-a66f-7efb3f6a2a54, chs, 2017-09-20 13:29:57, 3
F1ABE3B5-10F9-428E-AA39-D40B0C8A4730, cht, 2017-09-20 14:57:58, 3
CCFFF79E-D80A-4DCD-9DFB-1860AB2EC6D5, eng, 2017-09-20 19:21:16, 3
9313E1D5-FFE6-428A-A587-315BD26A14A1, eng, 2017-09-20 19:24:16, 3
E2476B6B-78B1-4D73-974F-B0D9A1C16BF2, eng, 2017-09-21 03:39:48, 3
50B5E404-917C-4B37-9EE0-C33CF98CB8E7, eng, 2017-09-22 04:09:32, 2
9D49956C-FF3C-4D56-B3C9-40C740F4D471, eng, 2017-09-21 06:13:10, 3
B3E92B67-B2B4-4B92-BFA1-8F2881D7E2D5, eng, 2017-09-21 08:41:43, 3
B250B95C-70E0-4BDF-9D58-E1DE4682FE47, eng, 2017-09-21 09:23:26, 3
9FB8506E-D4FD-4B5E-8E8C-1FCCD3A41152, eng, 2017-09-21 10:35:03, 2
4B98B00E-4073-48E5-8C06-757CD8818D96, eng, 2017-09-21 12:02:50, 2
A6265489-E562-4E49-9354-1BBBD08AD113, cht, 2017-09-21 13:31:22, 2
0E678BBB-797E-4DE0-8E65-98A62BEB508D, eng, 2017-09-21 17:22:09, 2
430D493A-028D-4223-A09A-50916162A163, eng, 2017-09-21 20:17:49, 2
41e3b5e2-115d-47c2-a9a8-251125bf6ec2, eng, 2017-09-21 21:16:33, 2
E5B2D18D-5F33-48DC-B025-1E2C2FBF4F9D, cht, 2017-09-21 21:38:00, 2
F09E5A40-2CDD-4774-8891-5FBB1775AEAC, eng, 2017-09-21 23:06:05, 2
cca4a4ca-75fb-4c20-9855-7cdab94c2090, cht, 2017-09-22 01:43:46, 2
CB5F3855-0467-4729-A75B-3AC2DF90609B, eng, 2017-09-22 01:05:58, 2
00A5D4F1-EFDC-4D01-8B65-948C2B2A9562, chs, 2017-09-22 10:17:03, 2
9116685f-48c4-40c1-aaff-8b9e3dd6b372, chs, 2017-09-22 10:24:49, 1
54638603-0760-437e-a2b6-010f7ec94189, eng, 2017-09-22 13:23:41, 1
159d5fed-69f0-470e-9ebd-ca8c836e7d3d, eng, 2017-09-22 20:03:56, 1
2087b4af-b3b1-43b8-80d1-52aa74b2b506, eng, 2017-09-22 20:34:07, 1
97BC91B3-8759-4D39-AD06-85222AFE3B82, eng, 2017-09-22 20:39:35, 1
847e80c0-a170-4381-9683-1b2a541de42e, eng, 2017-09-22 21:33:32, 1
07FCB8B6-1277-41ED-8B54-364FF1F8927F, chs, 2017-09-22 23:20:08, 1
cab4c160-af58-4b29-9fc2-036ea1966292, chs, 2017-09-23 00:38:57, 1
f3941c05-6644-4406-908c-ef9d2ed66a96, eng, 2017-09-23 02:28:42, 1
0325AC63-C58D-4E65-BCAA-C1AB0C8F596A, eng, 2017-09-23 13:32:14, 0
5684EF97-B16C-4C21-BE4E-AEA13D898491, eng, 2017-09-23 06:19:06, 1
7822AB58-F500-4AE8-AF24-89F44A6E21B3, eng, 2017-09-23 12:10:00, 0
C4DF1E36-BA20-42AF-92AA-BA113CB6861B, eng, 2017-09-23 10:03:21, 1
8DEDC787-54C0-4CAC-90B9-3BBC5DD8D3E4, eng, 2017-09-23 11:46:07, 0
7519C7A6-8065-4978-835B-DE9943B32EF9, eng, 2017-09-23 13:51:52, 0
061f213a-016d-490e-9a48-3c933c81e7c5, chs, 2017-09-23 17:17:40, 0
CFFC8FAF-423C-433A-AD5E-32B1E6FE3D69, chs, 2017-09-23 17:19:45, 0
b4231407-0c51-4049-b6ec-fd81cbfc56b6, chs, 2017-09-23 18:12:54, 0
6DCED93D-B584-402B-95FC-54373F31D8D5, chs, 2017-09-23 17:36:31, 0
4A21505B-18C6-423B-B5ED-EBFB5419DC7F, chs, 2017-09-23 17:37:55, 0
C2783323-34E6-4CFC-B3B8-4B9640AEFB1D, eng, 2017-09-23 19:37:17, 0
d841d141-fc3f-4d72-810b-01ecb1f3d31f, eng, 2017-09-23 20:18:20, 0
b8494a83-e752-4abb-abde-a0ed6998782f, eng, 2017-09-23 20:52:31, 0
D8F19D20-83E4-43D9-B7D8-203B3702BDDA, chs, 2017-09-23 20:56:30, 0
545d349f-5329-45cc-ab83-946983c4dfd4, eng, 2017-09-23 22:15:37, 0
fe17846f-4567-401a-a2a2-9afb735c41e6, eng, 2017-09-23 22:17:13, 0

IP, Country, Region, City, Zip
1.36.224.31, HK, 00, Kowloon,0
101.92.58.85, CN, 23, Shanghai,0
103.244.168.82, IN, 25, ,0
104.129.192.71, US, CA, Santa Clara,95051
104.153.200.25, US, OR, Beaverton,97006
107.107.60.24, US, NY, New York,10044
107.107.61.69, US, NY, New York,10044
107.107.63.187, US, NY, New York,10044
107.77.164.102, US, , ,0
107.77.164.103, US, , ,0
107.77.164.104, US, , ,0
107.77.164.18, US, , ,0
107.77.164.19, US, , ,0
107.77.164.20, US, , ,0
107.77.164.21, US, , ,0
107.77.164.22, US, , ,0
107.77.164.23, US, , ,0
107.77.164.24, US, , ,0
107.77.164.25, US, , ,0
107.77.164.26, US, , ,0
107.77.164.27, US, , ,0
107.77.164.28, US, , ,0
107.77.164.29, US, , ,0
107.77.164.30, US, , ,0
107.77.164.31, US, , ,0
107.77.164.32, US, , ,0
107.77.164.33, US, , ,0
107.77.164.34, US, , ,0
107.77.164.35, US, , ,0
107.77.164.36, US, , ,0
107.77.164.37, US, , ,0
107.77.164.40, US, , ,0
107.77.164.43, US, , ,0
107.77.164.44, US, , ,0
107.77.164.45, US, , ,0
107.77.164.48, US, , ,0
107.77.164.50, US, , ,0
107.77.164.51, US, , ,0
107.77.164.52, US, , ,0
107.77.164.53, US, , ,0
107.77.164.56, US, , ,0
107.77.164.57, US, , ,0
107.77.164.66, US, , ,0
107.77.164.67, US, , ,0
107.77.164.70, US, , ,0
107.77.164.71, US, , ,0
107.77.164.72, US, , ,0
107.77.164.75, US, , ,0
107.77.164.78, US, , ,0
107.77.164.79, US, , ,0
107.77.164.80, US, , ,0
107.77.164.83, US, , ,0
107.77.164.86, US, , ,0
107.77.164.87, US, , ,0
107.77.164.88, US, , ,0
107.77.164.90, US, , ,0
107.77.164.91, US, , ,0
107.77.164.94, US, , ,0
107.77.164.95, US, , ,0
107.77.164.96, US, , ,0
107.77.164.99, US, , ,0
107.92.63.159, US, TX, ,0
108.161.23.133, US, OR, Beaverton,97006
108.183.145.89, US, ME, Falmouth,4105
111.197.237.25, CN, 22, Beijing,0
111.254.137.172, TW, 04, Kaohsiung,0
111.65.69.35, SG, , ,0
117.136.0.108, CN, 22, Beijing,0
118.163.107.26, TW, , ,0
12.11.109.225, US, NY, ,0
123.103.15.215, CN, , ,0
134.134.139.92, US, OR, ,0
134.134.139.94, US, OR, ,0
138.32.8.5, US, AK, Anchorage,99509
146.129.252.126, US, WA, Kent,98031
150.70.162.182, JP, , ,0
162.157.127.106, CA, AB, Airdrie,0
162.17.180.241, US, WA, Bellevue,98004
166.137.176.145, US, CA, Dixon,95620
166.144.213.156, US, , ,0
166.144.213.158, US, , ,0
166.144.213.160, US, , ,0
166.144.213.163, US, , ,0
166.154.152.50, US, , ,0
166.170.42.64, US, CA, San Leandro,94578
166.172.122.63, US, TX, Marble Falls,78657
166.175.63.224, US, IL, ,0
166.176.184.107, US, OR, ,0
166.176.184.117, US, OR, ,0
166.176.184.152, US, OR, ,0
166.176.184.16, US, OR, ,0
166.176.184.160, US, OR, ,0
166.176.184.167, US, OR, ,0
166.176.184.172, US, OR, ,0
166.176.184.178, US, OR, ,0
166.176.184.183, US, OR, ,0
166.176.184.192, US, OR, ,0
166.176.184.199, US, OR, ,0
166.176.184.200, US, OR, ,0
166.176.184.201, US, OR, ,0
166.176.184.202, US, OR, ,0
166.176.184.203, US, OR, ,0
166.176.184.208, US, OR, ,0
166.176.184.210, US, OR, ,0
166.176.184.213, US, OR, ,0
166.176.184.220, US, OR, ,0
166.176.184.221, US, OR, ,0
166.176.184.251, US, OR, ,0
166.176.184.35, US, OR, ,0
166.176.184.47, US, OR, ,0
166.176.184.49, US, OR, ,0
166.176.184.54, US, OR, ,0
166.176.184.6, US, OR, ,0
166.176.184.64, US, OR, ,0
166.176.184.7, US, OR, ,0
166.176.184.87, US, OR, ,0
166.176.184.92, US, OR, ,0
166.176.184.94, US, OR, ,0
166.176.184.95, US, OR, ,0
166.176.184.96, US, OR, ,0
166.176.185.1, US, OR, ,0
166.176.185.10, US, OR, ,0
166.176.185.118, US, OR, ,0
166.176.185.126, US, OR, ,0
166.176.185.17, US, OR, ,0
166.176.185.175, US, OR, ,0
166.176.185.177, US, OR, ,0
166.176.185.182, US, OR, ,0
166.176.185.183, US, OR, ,0
166.176.185.185, US, OR, ,0
166.176.185.19, US, OR, ,0
166.176.185.192, US, OR, ,0
166.176.185.199, US, OR, ,0
166.176.185.202, US, OR, ,0
166.176.185.207, US, OR, ,0
166.176.185.213, US, OR, ,0
166.176.185.219, US, OR, ,0
166.176.185.230, US, OR, ,0
166.176.185.239, US, OR, ,0
166.176.185.240, US, OR, ,0
166.176.185.243, US, OR, ,0
166.176.185.247, US, OR, ,0
166.176.185.250, US, OR, ,0
166.176.185.254, US, OR, ,0
166.176.185.36, US, OR, ,0
166.176.185.48, US, OR, ,0
166.176.185.66, US, OR, ,0
166.176.185.67, US, OR, ,0
166.176.185.78, US, OR, ,0
166.176.185.8, US, OR, ,0
166.176.185.90, US, OR, ,0
166.176.185.99, US, OR, ,0
166.176.186.101, US, OR, ,0
166.176.186.102, US, OR, ,0
166.176.186.110, US, OR, ,0
166.176.186.116, US, OR, ,0
166.176.186.13, US, OR, ,0
166.176.186.134, US, OR, ,0
166.176.186.138, US, OR, ,0
166.176.186.144, US, OR, ,0
166.176.186.157, US, OR, ,0
166.176.186.161, US, OR, ,0
166.176.186.173, US, OR, ,0
166.176.186.178, US, OR, ,0
166.176.186.187, US, OR, ,0
166.176.186.192, US, OR, ,0
166.176.186.195, US, OR, ,0
166.176.186.199, US, OR, ,0
166.176.186.200, US, OR, ,0
166.176.186.209, US, OR, ,0
166.176.186.210, US, OR, ,0
166.176.186.214, US, OR, ,0
166.176.186.217, US, OR, ,0
166.176.186.224, US, OR, ,0
166.176.186.233, US, OR, ,0
166.176.186.236, US, OR, ,0
166.176.186.239, US, OR, ,0
166.176.186.240, US, OR, ,0
166.176.186.244, US, OR, ,0
166.176.186.245, US, OR, ,0
166.176.186.246, US, OR, ,0
166.176.186.248, US, OR, ,0
166.176.186.31, US, OR, ,0
166.176.186.40, US, OR, ,0
166.176.186.47, US, OR, ,0
166.176.186.48, US, OR, ,0
166.176.186.64, US, OR, ,0
166.176.186.66, US, OR, ,0
166.176.186.71, US, OR, ,0
166.176.186.74, US, OR, ,0
166.176.186.81, US, OR, ,0
166.176.186.82, US, OR, ,0
166.176.186.86, US, OR, ,0
166.176.186.90, US, OR, ,0
166.176.186.93, US, OR, ,0
166.176.187.103, US, OR, ,0
166.176.187.115, US, OR, ,0
166.176.187.126, US, OR, ,0
166.176.187.129, US, OR, ,0
166.176.187.131, US, OR, ,0
166.176.187.139, US, OR, ,0
166.176.187.155, US, OR, ,0
166.176.187.157, US, OR, ,0
166.176.187.168, US, OR, ,0
166.176.187.172, US, OR, ,0
166.176.187.185, US, OR, ,0
166.176.187.197, US, OR, ,0
166.176.187.224, US, OR, ,0
166.176.187.226, US, OR, ,0
166.176.187.230, US, OR, ,0
166.176.187.237, US, OR, ,0
166.176.187.239, US, OR, ,0
166.176.187.36, US, OR, ,0
166.176.187.42, US, OR, ,0
166.176.187.59, US, OR, ,0
166.176.187.64, US, OR, ,0
166.176.187.66, US, OR, ,0
166.176.187.78, US, OR, ,0
166.176.187.9, US, OR, ,0
166.255.250.138, US, , ,0
167.220.1.229, US, WA, Redmond,98073
167.220.1.235, US, WA, Redmond,98073
167.220.100.214, US, WA, Redmond,98073
167.220.100.98, US, WA, Redmond,98073
167.220.101.107, US, WA, Redmond,98073
167.220.101.197, US, WA, Redmond,98073
167.220.101.243, US, WA, Redmond,98073
167.220.102.241, US, WA, Redmond,98073
167.220.102.31, US, WA, Redmond,98073
167.220.102.55, US, WA, Redmond,98073
167.220.102.61, US, WA, Redmond,98073
167.220.102.89, US, WA, Redmond,98073
167.220.103.86, US, WA, Redmond,98073
167.220.104.178, US, WA, Redmond,98073
167.220.56.183, US, WA, Redmond,98073
167.220.57.103, US, WA, Redmond,98073
167.220.57.235, US, WA, Redmond,98073
167.220.57.78, US, WA, Redmond,98073
167.220.58.248, US, WA, Redmond,98073
167.220.59.214, US, WA, Redmond,98073
167.220.59.218, US, WA, Redmond,98073
167.220.59.6, US, WA, Redmond,98073
167.220.60.221, US, WA, Redmond,98073
167.220.60.237, US, WA, Redmond,98073
167.220.61.222, US, WA, Redmond,98073
167.220.62.63, US, WA, Redmond,98073
167.220.63.172, US, WA, Redmond,98073
167.220.63.176, US, WA, Redmond,98073
167.220.63.210, US, WA, Redmond,98073
167.220.98.111, US, WA, Redmond,98073
167.220.98.251, US, WA, Redmond,98073
167.220.99.164, US, WA, Redmond,98073
167.220.99.226, US, WA, Redmond,98073
167.220.99.56, US, WA, Redmond,98073
170.173.0.21, US, WA, Seattle,98111
170.173.0.22, US, OR, Portland,97211
170.173.8.12, US, WA, Seattle,98112
172.102.12.55, US, CA, Mountain View,94043
172.102.13.131, US, CA, Mountain View,94043
172.102.13.172, US, CA, Mountain View,94043
172.56.12.15, US, IL, Chicago,60602
172.56.30.11, US, CA, Los Angeles,90022
172.56.42.125, US, WA, Tacoma,98411
172.56.42.129, US, WA, Tacoma,98411
172.56.42.132, US, WA, Tacoma,98411
172.56.42.139, US, WA, Tacoma,98411
172.56.42.141, US, WA, Tacoma,98411
172.56.42.147, US, WA, Tacoma,98411
172.56.42.160, US, WA, Tacoma,98411
172.56.42.164, US, WA, Tacoma,98411
172.56.42.174, US, WA, Tacoma,98411
172.56.42.19, US, WA, Tacoma,98411
172.56.42.195, US, WA, Tacoma,98411
172.56.42.203, US, WA, Tacoma,98411
172.56.42.212, US, WA, Tacoma,98411
172.56.42.244, US, WA, Tacoma,98411
172.56.42.245, US, WA, Tacoma,98411
172.56.42.253, US, WA, Tacoma,98411
172.56.42.254, US, WA, Tacoma,98411
172.56.42.27, US, WA, Tacoma,98411
172.56.42.28, US, WA, Tacoma,98411
172.56.42.29, US, WA, Tacoma,98411
172.56.42.31, US, WA, Tacoma,98411
172.56.42.34, US, WA, Tacoma,98411
172.56.42.38, US, WA, Tacoma,98411
172.56.42.40, US, WA, Tacoma,98411
172.56.42.51, US, WA, Tacoma,98411
172.56.42.56, US, WA, Tacoma,98411
172.56.42.64, US, WA, Tacoma,98411
172.56.42.66, US, WA, Tacoma,98411
172.56.42.84, US, WA, Tacoma,98411
172.56.42.85, US, WA, Tacoma,98411
172.56.42.95, US, WA, Tacoma,98411
172.56.7.83, US, TX, Dallas,75270
172.58.107.102, US, TX, Arlington,76004
172.58.108.121, US, TX, Arlington,76004
172.58.20.239, US, CA, Anaheim,92825
172.58.39.29, US, CA, ,0
172.58.40.10, US, WA, Tacoma,98422
172.58.40.103, US, WA, Tacoma,98422
172.58.40.107, US, WA, Tacoma,98422
172.58.40.112, US, WA, Tacoma,98422
172.58.40.121, US, WA, Tacoma,98422
172.58.40.127, US, WA, Tacoma,98422
172.58.40.149, US, WA, Tacoma,98422
172.58.40.158, US, WA, Tacoma,98422
172.58.40.207, US, WA, Tacoma,98422
172.58.40.239, US, WA, Tacoma,98422
172.58.40.24, US, WA, Tacoma,98422
172.58.40.244, US, WA, Tacoma,98422
172.58.40.50, US, WA, Tacoma,98422
172.58.40.69, US, WA, Tacoma,98422
172.58.40.71, US, WA, Tacoma,98422
172.58.40.91, US, WA, Tacoma,98422
172.58.40.93, US, WA, Tacoma,98422
172.58.41.119, US, WA, Tacoma,98422
172.58.41.141, US, WA, Tacoma,98422
172.58.41.169, US, WA, Tacoma,98422
172.58.41.186, US, WA, Tacoma,98422
172.58.41.213, US, WA, Tacoma,98422
172.58.41.233, US, WA, Tacoma,98422
172.58.41.250, US, WA, Tacoma,98422
172.58.41.254, US, WA, Tacoma,98422
172.58.41.37, US, WA, Tacoma,98422
172.58.41.54, US, WA, Tacoma,98422
172.58.41.62, US, WA, Tacoma,98422
172.58.41.72, US, WA, Tacoma,98422
172.58.43.1, US, WA, Tacoma,98422
172.58.43.104, US, WA, Tacoma,98422
172.58.43.106, US, WA, Tacoma,98422
172.58.43.107, US, WA, Tacoma,98422
172.58.43.111, US, WA, Tacoma,98422
172.58.43.116, US, WA, Tacoma,98422
172.58.43.117, US, WA, Tacoma,98422
172.58.43.119, US, WA, Tacoma,98422
172.58.43.121, US, WA, Tacoma,98422
172.58.43.122, US, WA, Tacoma,98422
172.58.43.126, US, WA, Tacoma,98422
172.58.43.13, US, WA, Tacoma,98422
172.58.43.133, US, WA, Tacoma,98422
172.58.43.134, US, WA, Tacoma,98422
172.58.43.135, US, WA, Tacoma,98422
172.58.43.139, US, WA, Tacoma,98422
172.58.43.142, US, WA, Tacoma,98422
172.58.43.146, US, WA, Tacoma,98422
172.58.43.147, US, WA, Tacoma,98422
172.58.43.150, US, WA, Tacoma,98422
172.58.43.152, US, WA, Tacoma,98422
172.58.43.153, US, WA, Tacoma,98422
172.58.43.154, US, WA, Tacoma,98422
172.58.43.158, US, WA, Tacoma,98422
172.58.43.160, US, WA, Tacoma,98422
172.58.43.161, US, WA, Tacoma,98422
172.58.43.163, US, WA, Tacoma,98422
172.58.43.165, US, WA, Tacoma,98422
172.58.43.170, US, WA, Tacoma,98422
172.58.43.174, US, WA, Tacoma,98422
172.58.43.179, US, WA, Tacoma,98422
172.58.43.185, US, WA, Tacoma,98422
172.58.43.186, US, WA, Tacoma,98422
172.58.43.188, US, WA, Tacoma,98422
172.58.43.19, US, WA, Tacoma,98422
172.58.43.193, US, WA, Tacoma,98422
172.58.43.198, US, WA, Tacoma,98422
172.58.43.205, US, WA, Tacoma,98422
172.58.43.216, US, WA, Tacoma,98422
172.58.43.220, US, WA, Tacoma,98422
172.58.43.223, US, WA, Tacoma,98422
172.58.43.225, US, WA, Tacoma,98422
172.58.43.226, US, WA, Tacoma,98422
172.58.43.227, US, WA, Tacoma,98422
172.58.43.229, US, WA, Tacoma,98422
172.58.43.23, US, WA, Tacoma,98422
172.58.43.231, US, WA, Tacoma,98422
172.58.43.233, US, WA, Tacoma,98422
172.58.43.235, US, WA, Tacoma,98422
172.58.43.239, US, WA, Tacoma,98422
172.58.43.24, US, WA, Tacoma,98422
172.58.43.240, US, WA, Tacoma,98422
172.58.43.241, US, WA, Tacoma,98422
172.58.43.243, US, WA, Tacoma,98422
172.58.43.244, US, WA, Tacoma,98422
172.58.43.245, US, WA, Tacoma,98422
172.58.43.246, US, WA, Tacoma,98422
172.58.43.249, US, WA, Tacoma,98422
172.58.43.25, US, WA, Tacoma,98422
172.58.43.254, US, WA, Tacoma,98422
172.58.43.255, US, WA, Tacoma,98422
172.58.43.28, US, WA, Tacoma,98422
172.58.43.30, US, WA, Tacoma,98422
172.58.43.32, US, WA, Tacoma,98422
172.58.43.34, US, WA, Tacoma,98422
172.58.43.35, US, WA, Tacoma,98422
172.58.43.37, US, WA, Tacoma,98422
172.58.43.38, US, WA, Tacoma,98422
172.58.43.39, US, WA, Tacoma,98422
172.58.43.41, US, WA, Tacoma,98422
172.58.43.44, US, WA, Tacoma,98422
172.58.43.45, US, WA, Tacoma,98422
172.58.43.50, US, WA, Tacoma,98422
172.58.43.51, US, WA, Tacoma,98422
172.58.43.53, US, WA, Tacoma,98422
172.58.43.56, US, WA, Tacoma,98422
172.58.43.58, US, WA, Tacoma,98422
172.58.43.6, US, WA, Tacoma,98422
172.58.43.60, US, WA, Tacoma,98422
172.58.43.68, US, WA, Tacoma,98422
172.58.43.84, US, WA, Tacoma,98422
172.58.43.88, US, WA, Tacoma,98422
172.58.43.90, US, WA, Tacoma,98422
172.58.43.92, US, WA, Tacoma,98422
172.58.43.93, US, WA, Tacoma,98422
172.58.43.95, US, WA, Tacoma,98422
172.58.44.146, US, WA, Tacoma,98422
172.58.44.171, US, WA, Tacoma,98422
172.58.44.224, US, WA, Tacoma,98422
172.58.44.39, US, WA, Tacoma,98422
172.58.44.58, US, WA, Tacoma,98422
172.58.44.6, US, WA, Tacoma,98422
172.58.46.135, US, WA, Tacoma,98422
172.58.46.136, US, WA, Tacoma,98422
172.58.46.143, US, WA, Tacoma,98422
172.58.46.146, US, WA, Tacoma,98422
172.58.46.149, US, WA, Tacoma,98422
172.58.46.155, US, WA, Tacoma,98422
172.58.46.161, US, WA, Tacoma,98422
172.58.46.168, US, WA, Tacoma,98422
172.58.46.169, US, WA, Tacoma,98422
172.58.46.172, US, WA, Tacoma,98422
172.58.46.173, US, WA, Tacoma,98422
172.58.46.175, US, WA, Tacoma,98422
172.58.46.178, US, WA, Tacoma,98422
172.58.46.179, US, WA, Tacoma,98422
172.58.46.183, US, WA, Tacoma,98422
172.58.46.185, US, WA, Tacoma,98422
172.58.46.188, US, WA, Tacoma,98422
172.58.46.189, US, WA, Tacoma,98422
172.58.46.197, US, WA, Tacoma,98422
172.58.46.203, US, WA, Tacoma,98422
172.58.46.205, US, WA, Tacoma,98422
172.58.46.207, US, WA, Tacoma,98422
172.58.46.212, US, WA, Tacoma,98422
172.58.46.214, US, WA, Tacoma,98422
172.58.46.218, US, WA, Tacoma,98422
172.58.46.224, US, WA, Tacoma,98422
172.58.46.226, US, WA, Tacoma,98422
172.58.46.227, US, WA, Tacoma,98422
172.58.46.231, US, WA, Tacoma,98422
172.58.46.232, US, WA, Tacoma,98422
172.58.46.237, US, WA, Tacoma,98422
172.58.46.239, US, WA, Tacoma,98422
172.58.46.240, US, WA, Tacoma,98422
172.58.46.244, US, WA, Tacoma,98422
172.58.46.245, US, WA, Tacoma,98422
172.58.46.248, US, WA, Tacoma,98422
172.58.46.250, US, WA, Tacoma,98422
172.58.46.255, US, WA, Tacoma,98422
172.58.47.66, US, WA, Tacoma,98422
172.58.47.68, US, WA, Tacoma,98422
172.58.47.71, US, WA, Tacoma,98422
172.58.47.91, US, WA, Tacoma,98422
172.76.119.39, US, WA, Wenatchee,98801
172.78.201.162, US, WA, Wenatchee,98801
172.92.243.100, US, , ,0
173.160.160.41, US, WA, Mercer Island,98040
173.8.211.165, US, , ,0
174.0.57.116, CA, AB, Calgary,0
174.127.211.199, US, OR, Portland,97232
174.127.245.151, US, WA, Bellevue,98004
174.192.14.98, US, MA, Charlestown,2129
174.199.23.201, US, CT, East Hartford,6118
174.205.3.231, US, MD, Silver Spring,20906
174.205.4.39, US, MD, Silver Spring,20906
174.21.214.227, US, WA, Seattle,98146
174.21.229.196, US, WA, Seattle,98118
174.21.24.151, US, WA, Seattle,98103
174.21.34.154, US, WA, Seattle,98104
174.21.47.138, US, WA, Seattle,98104
174.21.7.41, US, WA, Kent,98032
174.21.78.197, US, WA, Seattle,98148
174.21.82.244, US, WA, Seattle,98104
174.21.93.52, US, WA, Seattle,98104
174.216.0.84, US, , ,0
174.216.10.32, US, , ,0
174.216.10.77, US, , ,0
174.216.12.215, US, , ,0
174.216.17.225, US, , ,0
174.216.2.166, US, , ,0
174.216.2.223, US, , ,0
174.216.20.208, US, , ,0
174.216.24.161, US, , ,0
174.216.26.17, US, , ,0
174.216.3.119, US, , ,0
174.216.3.188, US, , ,0
174.216.30.55, US, , ,0
174.224.13.11, US, , ,0
174.224.13.181, US, , ,0
174.224.13.186, US, , ,0
174.224.16.155, US, , ,0
174.224.20.59, US, , ,0
174.224.3.195, US, , ,0
174.224.3.29, US, , ,0
174.224.6.6, US, , ,0
174.224.7.181, US, , ,0
174.224.8.129, US, , ,0
174.224.9.116, US, , ,0
174.237.130.91, US, NM, ,0
174.24.174.114, US, WA, Seattle,98126
174.24.233.196, US, WA, Seattle,98144
174.255.128.238, US, , ,0
174.255.137.143, US, , ,0
174.255.138.51, US, , ,0
174.255.192.212, US, , ,0
174.255.194.48, US, , ,0
174.255.195.72, US, , ,0
174.255.196.210, US, , ,0
174.255.196.217, US, , ,0
174.255.197.32, US, , ,0
174.255.197.85, US, , ,0
174.255.203.216, US, , ,0
174.255.211.61, US, , ,0
174.61.155.162, US, WA, Sammamish,98075
174.61.156.106, US, WA, Redmond,98052
174.61.196.67, US, WA, Lynnwood,98037
174.61.254.190, US, WA, Sammamish,98074
182.239.89.63, HK, 00, Kwai Chung,0
182.55.171.205, SG, , ,0
198.45.194.207, US, WA, ,0
199.4.160.88, US, MA, Woburn,1801
2.228.125.40, IT, 05, Bologna,40100
203.69.98.251, TW, , ,0
203.69.98.254, TW, , ,0
203.69.99.253, TW, , ,0
204.239.156.252, CA, BC, New Westminster,0
206.173.106.22, US, IN, ,0
206.174.202.38, CA, AB, Calgary,0
206.188.61.147, US, WA, Kent,98032
206.188.61.190, US, WA, Kent,98032
206.188.62.231, US, WA, Kent,98032
206.188.63.31, US, WA, Kent,98032
206.71.228.130, US, NY, New York,10118
207.228.78.167, CA, AB, Edmonton,0
207.228.78.36, CA, AB, Edmonton,0
208.122.230.4, US, CA, Tarzana,91356
208.29.216.2, US, , ,0
208.54.147.129, US, WA, ,0
208.54.80.172, US, IL, ,0
208.54.80.233, US, IL, ,0
208.54.86.156, US, TX, Arlington,76004
208.67.205.74, US, OR, Newberg,97132
209.206.162.148, US, WA, Seattle,98126
211.100.57.180, CN, 22, Beijing,0
211.100.57.193, CN, 22, Beijing,0
211.147.88.166, CN, 23, Shanghai,0
213.165.164.226, MT, 00, Gzira,0
213.165.191.210, MT, , ,0
216.133.211.222, US, WA, Tacoma,98403
216.4.249.2, US, WA, ,0
218.94.63.46, CN, 04, Nanjing,0
219.76.62.91, HK, 00, Central District,0
222.249.224.81, CN, 22, Beijing,0
223.104.3.131, CN, 22, Beijing,0
223.137.4.163, TW, 03, Taipei,0
223.137.51.67, TW, 03, Taipei,0
223.223.196.173, CN, 22, Beijing,0
223.72.71.126, CN, 22, Beijing,0
23.17.85.140, CA, AB, Calgary,0
24.114.23.115, CA, BC, ,0
24.114.24.197, CA, , ,0
24.114.27.252, CA, BC, Langley,0
24.114.36.158, CA, AB, ,0
24.114.40.203, CA, BC, ,0
24.143.102.135, US, WA, Seattle,98104
24.16.137.206, US, WA, Renton,98059
24.16.138.66, US, WA, Bellevue,98005
24.16.14.213, US, WA, Redmond,98053
24.16.140.217, US, WA, Bellevue,98004
24.16.18.220, US, WA, Kirkland,98034
24.16.25.78, US, WA, Redmond,98052
24.16.68.228, US, WA, Bellevue,98007
24.16.70.247, US, WA, Bellevue,98005
24.16.83.237, US, WA, Redmond,98052
24.16.96.64, US, WA, Bellevue,98007
24.17.193.24, US, WA, Sammamish,98075
24.17.203.113, US, WA, Sammamish,98075
24.17.215.222, US, WA, Bellevue,98007
24.17.72.19, US, WA, Arlington,98223
24.18.161.6, US, WA, Fox Island,98333
24.18.164.204, US, WA, Puyallup,98373
24.18.204.22, US, WA, Bellevue,98005
24.18.44.147, US, WA, Seattle,98105
24.19.163.146, US, WA, Bellevue,98007
24.19.163.220, US, WA, Bellevue,98007
24.19.169.45, US, WA, Bellevue,98007
24.19.186.72, US, WA, Kirkland,98034
24.19.191.217, US, WA, Kirkland,98033
24.19.24.188, US, WA, Olympia,98513
24.20.125.16, US, OR, Portland,97229
24.20.183.234, US, OR, Forest Grove,97116
24.20.37.185, US, OR, Hillsboro,97123
24.20.39.126, US, OR, Banks,97106
24.21.116.159, US, OR, Beaverton,97007
24.21.172.54, US, OR, Portland,97223
24.21.18.117, US, WA, Vancouver,98666
24.21.35.245, US, OR, Hillsboro,97124
24.22.195.103, US, WA, Monroe,98272
24.22.199.151, US, WA, Everett,98204
24.22.244.14, US, WA, Bellevue,98007
24.22.244.216, US, WA, Bellevue,98007
24.22.247.30, US, WA, Bellevue,98007
24.22.68.190, US, OR, Beaverton,97005
24.237.111.60, US, AK, Anchorage,99507
24.237.158.1, US, AK, Anchorage,99509
24.237.158.13, US, AK, Anchorage,99509
24.237.158.14, US, AK, Anchorage,99509
24.237.158.21, US, AK, Anchorage,99509
24.237.158.29, US, AK, Anchorage,99509
24.237.158.4, US, AK, Anchorage,99509
24.237.158.6, US, AK, Anchorage,99509
24.237.158.7, US, AK, Anchorage,99509
24.237.158.9, US, AK, Anchorage,99509
24.237.41.182, US, AK, Anchorage,99517
24.237.42.150, US, AK, Anchorage,99517
24.237.71.235, US, AK, Anchorage,99516
24.237.90.150, US, AK, Anchorage,99507
24.244.32.109, CA, AB, Edmonton,0
24.244.32.114, CA, AB, Edmonton,0
24.244.32.8, CA, AB, Edmonton,0
24.56.192.85, US, WA, Silverdale,98383
24.56.242.177, US, WA, Duvall,98019
34.197.67.248, US, VA, Ashburn,20149
38.102.2.65, US, WA, Seattle,98102
40.134.98.130, US, TX, San Antonio,78244
43.243.12.18, CN, 22, Beijing,0
46.11.41.210, MT, 00, Naxxar,0
49.77.232.54, CN, 13, Jing,0
50.106.27.247, US, WA, Everett,98208
50.109.247.94, US, OR, Banks,97106
50.125.251.98, US, WA, Everett,98208
50.125.86.20, US, WA, Edmonds,98020
50.126.86.22, US, OR, Hillsboro,97124
50.132.90.26, US, WA, Seattle,98113
50.135.208.105, US, WA, Bellevue,98006
50.135.208.92, US, WA, Bellevue,98006
50.135.209.65, US, WA, Carnation,98014
50.135.215.208, US, WA, Bellevue,98007
50.135.215.42, US, WA, Bellevue,98007
50.135.224.45, US, WA, Bellevue,98006
50.135.225.16, US, WA, Bellevue,98006
50.196.167.225, US, CA, San Jose,95124
50.197.67.65, US, , ,0
50.197.83.129, US, , ,0
50.204.61.118, US, CO, Denver,80208
50.207.230.170, US, CT, ,0
50.224.101.102, US, , ,0
50.225.72.226, US, CA, Tulare,93275
50.245.135.69, US, WA, Seattle,98108
50.255.98.121, US, OR, Portland,97210
50.34.128.243, US, WA, Coupeville,98239
50.35.107.167, US, WA, Edmonds,98026
50.35.112.51, US, WA, Everett,98208
50.35.112.59, US, WA, Everett,98208
50.35.57.196, US, WA, Lyman,98263
50.35.65.42, US, WA, Redmond,98052
50.35.67.154, US, WA, Redmond,98052
50.35.68.203, US, WA, Redmond,98052
50.35.71.176, US, WA, Redmond,98052
50.35.74.189, US, WA, Redmond,98052
50.35.78.220, US, WA, Redmond,98052
50.38.102.103, US, WA, Woodland,98674
50.38.40.10, US, OR, Coquille,97423
50.38.46.78, US, OR, Port Orford,97465
50.39.106.100, US, OR, Beaverton,97006
50.39.171.50, US, OR, Hillsboro,97124
50.39.177.91, US, OR, Beaverton,97007
50.39.97.66, US, OR, Portland,97229
50.46.118.4, US, WA, Kirkland,98033
50.46.119.155, US, WA, Kirkland,98033
50.46.122.77, US, WA, Kirkland,98033
50.46.188.4, US, WA, Everett,98203
50.47.105.53, US, WA, Redmond,98052
50.53.107.39, US, OR, Beaverton,97007
50.53.112.152, US, OR, Portland,97224
50.53.162.210, US, OR, Forest Grove,97116
50.53.25.188, US, OR, Beaverton,97078
50.53.30.6, US, OR, Beaverton,97007
50.53.44.217, US, OR, Portland,97229
50.53.47.213, US, OR, Portland,97229
50.53.49.150, US, OR, Beaverton,97006
50.53.50.29, US, OR, Beaverton,97006
50.53.51.187, US, OR, Beaverton,97006
50.53.55.150, US, OR, Portland,97229
50.53.56.157, US, OR, Portland,97229
50.53.57.119, US, OR, Portland,97229
50.53.62.166, US, OR, Portland,97229
50.53.67.157, US, OR, Portland,97223
50.53.68.98, US, OR, Portland,97223
50.53.71.87, US, OR, Beaverton,97007
50.53.96.68, US, OR, Beaverton,97005
50.54.239.93, US, WA, Redmond,98052
64.134.159.34, US, TX, ,0
64.205.106.2, US, CA, Pleasanton,94566
65.121.188.170, US, , ,0
65.152.183.26, US, , ,0
65.154.51.250, US, , ,0
65.158.186.241, US, OR, Portland,97207
66.102.6.217, US, CA, Mountain View,94043
66.102.6.219, US, CA, Mountain View,94043
66.102.8.137, US, NY, Bronx,10460
66.102.8.139, US, NY, Bronx,10460
66.102.8.141, US, NY, Bronx,10460
66.114.143.94, US, WA, Mount Vernon,98274
66.154.200.4, US, OR, Hillsboro,97124
66.154.200.5, US, OR, Hillsboro,97124
66.154.200.7, US, OR, Hillsboro,97124
66.189.158.153, US, OR, Seaside,97138
66.192.178.169, US, WA, Seattle,98103
66.193.39.147, US, WA, Lynnwood,98036
66.235.11.170, US, WA, Duvall,98019
66.235.11.87, US, WA, Duvall,98019
66.235.17.96, US, WA, Seattle,98101
66.235.30.63, US, WA, Snohomish,98290
66.249.88.73, US, CA, Mountain View,94043
66.249.88.75, US, CA, Mountain View,94043
66.249.88.77, US, CA, Mountain View,94043
66.58.146.37, US, AK, Anchorage,99516
66.58.157.101, US, AK, Anchorage,99516
66.58.157.150, US, AK, Anchorage,99507
66.58.206.138, US, AK, Anchorage,99501
66.58.208.106, US, AK, Anchorage,99518
66.58.214.14, US, AK, Anchorage,99518
66.58.217.6, US, AK, Anchorage,99507
66.58.222.116, US, AK, Anchorage,99502
66.87.112.146, US, OR, Beaverton,97005
66.87.112.150, US, OR, Beaverton,97005
66.87.112.190, US, OR, Beaverton,97005
66.87.112.241, US, OR, Beaverton,97005
66.87.113.164, US, OR, Beaverton,97005
66.87.113.44, US, OR, Beaverton,97005
66.87.113.96, US, OR, Beaverton,97005
66.87.138.13, US, WA, Kent,98030
66.87.138.155, US, WA, Kent,98030
66.87.138.2, US, WA, Kent,98030
66.87.138.221, US, WA, Kent,98030
66.87.138.27, US, WA, Kent,98030
66.87.138.74, US, WA, Kent,98030
66.87.139.144, US, WA, Kent,98030
66.87.139.17, US, WA, Kent,98030
66.87.139.173, US, WA, Kent,98030
66.87.139.187, US, WA, Kent,98030
66.87.139.210, US, WA, Kent,98030
66.87.139.53, US, WA, Kent,98030
66.87.139.68, US, WA, Kent,98030
67.131.14.66, US, WA, Kent,98042
67.131.9.19, US, , ,0
67.148.50.158, US, WA, Seattle,98109
67.160.24.122, US, WA, Mercer Island,98040
67.160.43.183, US, WA, Kirkland,98034
67.160.97.178, US, WA, Issaquah,98029
67.161.120.222, US, WA, Seattle,98125
67.170.101.104, US, WA, Bellevue,98007
67.170.103.172, US, WA, Bellevue,98008
67.170.117.68, US, WA, Everett,98208
67.170.169.209, US, OR, Forest Grove,97116
67.170.70.108, US, WA, Lynnwood,98036
67.170.71.101, US, WA, Bothell,98021
67.170.83.21, US, WA, Tacoma,98433
67.171.49.232, US, WA, Bothell,98021
67.171.51.188, US, WA, Redmond,98052
67.183.10.212, US, WA, Bothell,98021
67.183.133.225, US, WA, Sammamish,98074
67.183.134.69, US, WA, Renton,98055
67.183.210.186, US, WA, Bothell,98012
67.189.98.171, US, OR, Banks,97106
67.189.98.70, US, OR, North Plains,97133
68.146.138.243, CA, AB, Calgary,0
68.224.32.98, US, NV, Las Vegas,89115
69.178.20.58, US, AK, Anchorage,99504
70.112.217.155, US, TX, Austin,78737
70.121.198.28, US, TX, San Antonio,78230
70.121.211.241, US, TX, San Antonio,78230
70.194.20.162, US, MI, Linden,48451
70.195.193.2, US, TX, ,0
70.195.193.85, US, TX, ,0
70.195.194.150, US, TX, ,0
70.195.195.117, US, TX, ,0
70.195.195.32, US, TX, ,0
70.195.195.9, US, TX, ,0
70.195.196.37, US, TX, ,0
70.195.196.80, US, TX, ,0
70.195.198.216, US, TX, ,0
70.195.200.0, US, TX, ,0
70.195.203.165, US, TX, ,0
70.195.203.199, US, TX, ,0
70.195.203.8, US, TX, ,0
70.195.205.110, US, TX, ,0
70.195.209.218, US, TX, San Antonio,78288
70.195.211.166, US, TX, San Antonio,78288
70.195.213.199, US, TX, San Antonio,78288
70.195.213.253, US, TX, San Antonio,78288
70.195.218.183, US, TX, Universal City,78148
70.195.223.12, US, TX, Round Rock,78664
70.196.0.25, US, TX, Dallas,75326
70.196.82.170, US, TX, Houston,77080
70.199.128.120, US, WA, Seattle,98111
70.199.128.158, US, WA, Seattle,98111
70.199.128.182, US, WA, Seattle,98111
70.199.128.59, US, WA, Seattle,98111
70.199.128.99, US, WA, Seattle,98111
70.199.129.143, US, WA, Seattle,98111
70.199.129.146, US, WA, Seattle,98111
70.199.129.170, US, WA, Seattle,98111
70.199.129.205, US, WA, Seattle,98111
70.199.129.6, US, WA, Seattle,98111
70.199.130.51, US, WA, Seattle,98111
70.199.130.93, US, WA, Seattle,98111
70.199.131.127, US, WA, Seattle,98111
70.199.131.226, US, WA, Seattle,98111
70.199.131.93, US, WA, Seattle,98111
70.199.132.106, US, WA, Seattle,98111
70.199.132.107, US, WA, Seattle,98111
70.199.132.220, US, WA, Seattle,98111
70.199.133.132, US, WA, Seattle,98111
70.199.133.72, US, WA, Seattle,98111
70.199.134.142, US, WA, Seattle,98111
70.199.134.169, US, WA, Seattle,98111
70.199.134.179, US, WA, Seattle,98111
70.199.135.29, US, WA, Seattle,98111
70.199.135.5, US, WA, Seattle,98111
70.199.135.81, US, WA, Seattle,98111
70.199.136.14, US, WA, Seattle,98111
70.199.136.165, US, WA, Seattle,98111
70.199.136.192, US, WA, Seattle,98111
70.199.136.86, US, WA, Seattle,98111
70.199.136.90, US, WA, Seattle,98111
70.199.137.133, US, WA, Seattle,98111
70.199.137.162, US, WA, Seattle,98111
70.199.138.95, US, WA, Seattle,98111
70.199.139.135, US, WA, Seattle,98111
70.199.139.196, US, WA, Seattle,98111
70.199.139.234, US, WA, Seattle,98111
70.199.139.25, US, WA, Seattle,98111
70.199.139.68, US, WA, Seattle,98111
70.199.139.78, US, WA, Seattle,98111
70.199.140.186, US, WA, Seattle,98111
70.199.140.22, US, WA, Seattle,98111
70.199.140.239, US, WA, Seattle,98111
70.199.141.178, US, WA, Seattle,98111
70.199.141.206, US, WA, Seattle,98111
70.199.141.245, US, WA, Seattle,98111
70.199.141.49, US, WA, Seattle,98111
70.199.142.109, US, WA, Seattle,98111
70.199.142.218, US, WA, Seattle,98111
70.199.143.109, US, WA, Seattle,98111
70.199.143.170, US, WA, Seattle,98111
70.199.143.40, US, WA, Seattle,98111
70.199.143.81, US, WA, Seattle,98111
70.199.144.146, US, WA, Kent,98064
70.199.144.220, US, WA, Kent,98064
70.199.144.255, US, WA, Kent,98064
70.199.144.92, US, WA, Kent,98064
70.199.145.213, US, WA, Kent,98064
70.199.145.95, US, WA, Kent,98064
70.199.146.129, US, WA, Kent,98064
70.199.146.134, US, WA, Kent,98064
70.199.146.182, US, WA, Kent,98064
70.199.146.188, US, WA, Kent,98064
70.199.146.82, US, WA, Kent,98064
70.199.147.113, US, WA, Kent,98064
70.199.147.209, US, WA, Kent,98064
70.199.147.226, US, WA, Kent,98064
70.199.147.251, US, WA, Kent,98064
70.199.147.3, US, WA, Kent,98064
70.199.147.89, US, WA, Kent,98064
70.199.147.92, US, WA, Kent,98064
70.199.150.206, US, WA, Kent,98064
70.199.151.1, US, WA, Kent,98064
70.199.151.120, US, WA, Kent,98064
70.199.151.216, US, WA, Kent,98064
70.199.151.233, US, WA, Kent,98064
70.199.152.199, US, WA, Kent,98064
70.199.153.131, US, WA, Kent,98064
70.199.153.46, US, WA, Kent,98064
70.199.154.238, US, WA, Kent,98064
70.199.154.59, US, WA, Kent,98064
70.199.154.79, US, WA, Kent,98064
70.199.155.152, US, WA, Kent,98064
70.199.155.251, US, WA, Kent,98064
70.199.155.30, US, WA, Kent,98064
70.199.155.95, US, WA, Kent,98064
70.199.156.158, US, WA, Kent,98064
70.199.156.214, US, WA, Kent,98064
70.199.156.23, US, WA, Kent,98064
70.199.157.202, US, WA, Kent,98064
70.199.157.208, US, WA, Kent,98064
70.199.157.33, US, WA, Kent,98064
70.199.157.80, US, WA, Kent,98064
70.199.160.24, US, WA, Kirkland,98083
70.199.160.77, US, WA, Kirkland,98083
70.199.161.202, US, WA, Kirkland,98083
70.199.162.135, US, WA, Kirkland,98083
70.199.163.13, US, WA, Kirkland,98083
70.199.163.246, US, WA, Kirkland,98083
70.199.163.96, US, WA, Kirkland,98083
70.210.129.146, US, OR, Portland,97221
70.210.130.149, US, OR, Portland,97221
70.210.130.52, US, OR, Portland,97221
70.210.131.130, US, OR, Portland,97221
70.210.132.174, US, OR, Portland,97221
70.210.133.206, US, OR, Portland,97221
70.210.133.227, US, OR, Portland,97221
70.210.133.55, US, OR, Portland,97221
70.210.134.213, US, OR, Portland,97221
70.210.134.80, US, OR, Portland,97221
70.210.136.174, US, OR, Portland,97221
70.210.136.79, US, OR, Portland,97221
70.210.137.37, US, OR, Portland,97221
70.210.138.190, US, OR, Portland,97221
70.210.139.76, US, OR, Portland,97221
70.210.140.64, US, OR, Portland,97221
70.210.145.38, US, OR, Portland,97223
70.210.146.175, US, OR, Portland,97223
70.210.147.108, US, OR, Portland,97223
70.210.148.58, US, OR, Portland,97223
70.210.150.226, US, OR, Portland,97223
70.210.151.33, US, OR, Portland,97223
70.210.152.72, US, OR, Portland,97223
70.214.97.253, US, NY, New York,10044
70.71.65.83, CA, BC, Surrey,0
70.89.116.10, US, WA, Tacoma,98405
71.184.241.100, US, MA, Acton,1720
71.184.241.167, US, MA, Acton,1720
71.197.167.125, US, WA, Bellevue,98007
71.197.182.34, US, WA, Renton,98059
71.197.183.45, US, WA, Sammamish,98075
71.197.217.180, US, WA, Redmond,98052
71.197.224.168, US, WA, Issaquah,98027
71.212.21.94, US, WA, Seattle,98144
71.212.84.82, US, WA, Seattle,98112
71.227.158.234, US, WA, Issaquah,98029
71.227.178.245, US, WA, Redmond,98052
71.227.208.200, US, WA, Seattle,98177
71.231.121.233, US, WA, Mercer Island,98040
71.231.159.8, US, WA, Edmonds,98026
71.231.171.230, US, WA, Everett,98204
71.231.183.64, US, WA, Redmond,98052
71.231.191.207, US, WA, Issaquah,98027
71.231.196.61, US, WA, Sammamish,98075
71.231.199.225, US, WA, Sammamish,98075
71.231.237.73, US, WA, Puyallup,98373
71.34.82.98, US, OR, Portland,97212
71.35.185.109, US, WA, Seattle,98108
71.35.187.190, US, WA, Seattle,98108
71.59.130.222, US, OR, Hillsboro,97123
71.59.196.250, US, OR, Portland,97229
71.59.196.32, US, OR, Portland,97229
71.83.253.21, US, WA, Richland,99352
71.94.171.13, US, OR, Seaside,97138
72.143.230.98, CA, AB, ,0
72.168.144.158, US, AR, ,0
72.168.144.177, US, AR, ,0
72.168.144.73, US, AR, ,0
72.168.145.117, US, AR, ,0
72.168.145.22, US, AR, ,0
72.190.148.10, US, TX, San Antonio,78261
72.253.78.137, US, HI, Honolulu,96805
72.35.111.171, US, AK, Wasilla,99654
72.42.154.185, US, AK, Anchorage,99508
72.42.157.36, US, AK, Anchorage,99508
72.42.171.178, US, AK, Anchorage,99502
73.109.131.171, US, WA, Renton,98057
73.109.139.41, US, WA, Renton,98057
73.109.182.77, US, WA, Renton,98056
73.109.209.211, US, WA, Renton,98055
73.109.211.105, US, WA, Renton,98058
73.109.24.35, US, WA, Kirkland,98034
73.109.26.94, US, WA, Sammamish,98074
73.109.57.101, US, WA, Tacoma,98409
73.109.57.88, US, WA, Tacoma,98409
73.109.58.220, US, WA, Tacoma,98409
73.109.59.7, US, WA, Tacoma,98409
73.109.60.139, US, WA, Seattle,98115
73.109.60.174, US, WA, Seattle,98115
73.109.60.82, US, WA, Spokane,99204
73.109.61.126, US, WA, Lynnwood,98036
73.109.61.149, US, WA, Edmonds,98020
73.109.61.174, US, WA, Edmonds,98020
73.109.61.29, US, WA, Seattle,98119
73.109.61.44, US, WA, Seattle,98119
73.109.61.67, US, WA, Lynnwood,98087
73.109.61.71, US, WA, Lynnwood,98087
73.109.62.11, US, WA, Seattle,98103
73.109.62.135, US, WA, Seattle,98103
73.109.62.136, US, WA, Seattle,98103
73.109.62.147, US, WA, Seattle,98103
73.109.62.152, US, WA, Seattle,98103
73.109.62.184, US, WA, Seattle,98103
73.109.62.192, US, WA, Seattle,98103
73.109.63.32, US, WA, Lynnwood,98087
73.109.63.45, US, WA, Seattle,98104
73.109.65.99, US, WA, Renton,98059
73.11.114.66, US, OR, Beaverton,97007
73.11.241.203, US, WA, Mercer Island,98040
73.11.7.180, US, OR, Hillsboro,97123
73.118.184.160, US, WA, Kent,98030
73.118.242.212, US, WA, Redmond,98052
73.140.122.218, US, WA, Seattle,98166
73.140.176.6, US, WA, Bothell,98012
73.140.19.183, US, WA, Mercer Island,98040
73.140.226.110, US, WA, Redmond,98052
73.140.237.142, US, WA, Bellevue,98008
73.140.237.99, US, WA, Bellevue,98008
73.140.238.205, US, WA, Bellevue,98008
73.140.61.33, US, WA, Seattle,98108
73.157.100.194, US, WA, Bellevue,98006
73.157.104.181, US, WA, Kent,98042
73.157.110.25, US, WA, Redmond,98052
73.161.215.36, US, MI, Holland,49423
73.169.134.190, US, WA, Sammamish,98074
73.169.244.42, US, WA, Bellevue,98006
73.181.196.190, US, WA, Seattle,98136
73.181.226.222, US, WA, Kirkland,98034
73.19.102.222, US, WA, Mercer Island,98040
73.193.16.78, US, WA, Monroe,98272
73.193.58.144, US, WA, Snoqualmie,98065
73.214.91.76, US, PA, Beaver,15009
73.221.249.19, US, WA, Snohomish,98296
73.225.173.196, US, WA, Seattle,98166
73.225.223.104, US, WA, Kirkland,98033
73.225.239.79, US, WA, Tacoma,98433
73.239.121.68, US, WA, Bellevue,98008
73.239.76.80, US, WA, Bellevue,98007
73.239.81.27, US, WA, Bothell,98021
73.239.92.199, US, WA, Kirkland,98033
73.240.11.146, US, OR, Portland,97229
73.240.181.54, US, OR, Salem,97306
73.240.235.142, US, OR, Hillsboro,97124
73.254.132.81, US, WA, Renton,98059
73.35.235.90, US, WA, Bellevue,98006
73.37.120.134, US, OR, Forest Grove,97116
73.42.174.73, US, WA, Redmond,98053
73.53.114.244, US, WA, Sammamish,98074
73.53.114.81, US, WA, Bellevue,98004
73.53.43.168, US, WA, Lake Stevens,98258
73.53.53.41, US, WA, Lake Stevens,98258
73.53.76.107, US, WA, Lake Stevens,98258
73.59.108.108, US, , ,0
73.59.110.3, US, , ,0
73.59.8.103, US, WA, Tacoma,98424
73.59.80.47, US, , ,0
73.67.210.251, US, OR, Hillsboro,97124
73.83.122.184, US, WA, Everett,98201
73.83.200.21, US, WA, Bellevue,98006
73.92.20.111, US, CA, San Francisco,94133
73.96.112.140, US, OR, Tualatin,97062
73.96.113.120, US, OR, Tualatin,97062
73.96.115.64, US, OR, Tualatin,97062
73.97.21.10, US, WA, Seattle,98112
73.97.30.42, US, WA, Redmond,98052
73.97.57.129, US, WA, Bellevue,98008
74.114.82.163, US, AK, Eagle River,99577
74.36.194.50, US, AL, Monroeville,36460
74.92.162.227, US, , ,0
75.142.70.239, US, WA, Kennewick,99337
75.145.26.17, US, , ,0
75.146.59.218, US, WA, Seattle,98117
75.156.24.173, CA, BC, Vancouver,0
75.159.55.79, CA, AB, Calgary,0
75.165.49.113, US, WA, Seattle,98102
75.165.60.93, US, WA, Seattle,98102
75.172.42.189, US, WA, Seattle,98109
75.172.46.227, US, WA, Seattle,98109
75.172.61.224, US, WA, Seattle,98103
75.87.249.196, US, ID, Moscow,83843
76.104.166.121, US, WA, Everett,98203
76.105.148.32, US, OR, Beaverton,97008
76.115.6.101, US, OR, Beaverton,97006
76.121.173.17, US, WA, Renton,98056
76.121.189.83, US, WA, Sammamish,98074
76.184.241.39, US, TX, Frisco,75035
76.213.146.246, US, TX, Plano,75024
76.22.118.120, US, WA, Seattle,98103
76.22.2.130, US, WA, Kent,98032
76.79.153.162, US, CA, Los Angeles,90037
76.88.246.97, US, CA, La Quinta,92253
76.88.76.125, US, CA, Coronado,92118
85.119.46.8, IT, , ,0
93.63.165.118, IT, 07, Rome,137
96.95.128.54, US, CA, Palmdale,93590
97.113.130.110, US, WA, Lakewood,98499
97.113.136.197, US, WA, Renton,98058
97.113.139.203, US, WA, Tacoma,98466
97.113.190.142, US, WA, Tacoma,98445
97.113.232.239, US, WA, Seattle,98103
97.113.35.195, US, , ,0
97.113.72.89, US, WA, Federal Way,98003
97.113.83.153, US, WA, Seattle,98118
97.113.92.239, US, WA, Tacoma,98408
97.126.38.30, US, WA, Kent,98032
97.126.40.199, US, WA, Kent,98032
97.126.47.144, US, WA, Kent,98032
97.126.58.235, US, WA, Federal Way,98003
97.126.59.122, US, WA, Federal Way,98003
97.126.8.230, US, WA, Renton,98059
97.45.144.110, US, WA, ,0
97.77.83.50, US, TX, New Braunfels,78130
98.203.222.44, US, WA, Edmonds,98020
98.225.36.79, US, WA, Bellevue,98007
98.232.232.48, US, OR, Beaverton,97007
98.237.193.207, US, WA, Bothell,98021
98.237.196.50, US, WA, Redmond,98053
98.246.230.148, US, OR, Beaverton,97008
98.247.20.11, US, WA, Bellevue,98006
98.247.25.75, US, WA, Mercer Island,98040
98.247.33.16, US, WA, Kirkland,98033
99.26.200.151, US, TX, San Antonio,78240
99.29.112.120, US, , ,0

